id,first_name,last_name,email,gender,ip_address,salary,country
1,Letitia,Cadge,lcadge0@163.com,Genderfluid,19.68.166.219,12206,Cameroon
2,Clayson,Dunford,cdunford1@oakley.com,Male,132.230.207.25,10107,Japan
3,Christina,Ebbetts,cebbetts2@photobucket.com,Female,2.180.90.80,16975,China
4,Welch,Blitz,wblitz3@state.tx.us,Male,135.154.36.209,8436,Colombia
5,Eadmund,Cater,ecater4@un.org,Polygender,168.35.157.173,7291,Argentina
6,Jard,Abatelli,jabatelli5@naver.com,Male,11.2.8.141,18912,Philippines
7,Emera,Newlove,enewlove6@bizjournals.com,Female,126.246.47.184,11856,Poland
8,Meryl,Freyne,mfreyne7@creativecommons.org,Male,246.116.95.153,7456,Indonesia
9,Darcy,Ivanets,divanets8@tinypic.com,Male,120.85.19.191,9653,United States
10,Babb,Brewitt,bbrewitt9@blogtalkradio.com,Female,38.126.13.39,12374,Albania
11,Theresa,Clayden,tclaydena@pbs.org,Female,175.83.186.6,3191,China
12,Zorah,Lefridge,zlefridgeb@imdb.com,Female,32.87.178.42,14110,Argentina
13,Clo,Peddel,cpeddelc@g.co,Female,8.236.133.255,3245,China
14,Colan,Verriour,cverriourd@technorati.com,Male,118.187.29.248,10487,Poland
15,Kiel,Kenforth,kkenforthe@usgs.gov,Non-binary,138.39.56.68,11165,China
16,Beverlee,Anstice,bansticef@instagram.com,Female,151.122.74.4,3471,Russia
17,Wenona,McGerr,wmcgerrg@dailymail.co.uk,Female,44.99.163.34,15716,Indonesia
18,Jereme,Glenton,jglentonh@patch.com,Male,92.116.105.125,14576,Nigeria
19,Thurston,Hansed,thansedi@house.gov,Male,236.82.141.26,15505,Brazil
20,Rodge,Matthias,rmatthiasj@unc.edu,Male,66.44.138.247,14443,Indonesia
21,Almira,Foxten,afoxtenk@scientificamerican.com,Female,252.83.115.158,3012,Peru
22,Brocky,Tremblay,btremblayl@ask.com,Male,51.116.163.174,14734,Brazil
23,Warren,Sarle,wsarlem@photobucket.com,Non-binary,49.248.132.59,3733,Hong Kong
24,Maurene,Tettersell,mtetterselln@netlog.com,Female,205.160.252.77,12061,Finland
25,Odilia,Skerm,oskermo@livejournal.com,Female,130.53.150.115,9013,China
26,Gwenny,Worling,gworlingp@oakley.com,Female,158.143.124.212,13560,China
27,Linn,McGow,lmcgowq@multiply.com,Female,163.80.143.176,18157,China
28,Durward,Lindeman,dlindemanr@wsj.com,Male,125.44.82.244,19166,Indonesia
29,Grace,Lines,gliness@indiatimes.com,Bigender,101.30.85.42,17885,China
30,Brit,Robbel,brobbelt@flickr.com,Male,3.173.227.169,18716,China
31,Krishnah,Panton,kpantonu@squidoo.com,Male,96.66.65.73,12252,France
32,Job,Jefford,jjeffordv@state.gov,Male,205.193.31.144,5839,Azerbaijan
33,Jared,Costard,jcostardw@reverbnation.com,Male,157.6.169.166,9996,China
34,Donnajean,Vasilmanov,dvasilmanovx@opensource.org,Female,64.82.92.2,3874,Philippines
35,Joletta,Drewry,jdrewryy@wikia.com,Female,175.160.56.197,4821,Paraguay
36,Jordon,Surpliss,jsurplissz@virginia.edu,Male,199.171.23.195,13710,China
37,Antons,O'Carran,aocarran10@example.com,Male,239.192.208.67,14876,China
38,Lucinda,Horlick,lhorlick11@surveymonkey.com,Female,164.159.154.111,15467,Philippines
39,Felice,Reavell,freavell12@imdb.com,Female,86.30.70.212,8976,Canada
40,Weber,Swains,wswains13@wsj.com,Male,212.109.145.133,4967,Spain
41,Silvie,Filipic,sfilipic14@netscape.com,Female,207.56.140.63,5115,United States
42,Josee,Rennox,jrennox15@discuz.net,Female,128.243.131.223,18242,Peru
43,Niles,Aronstam,naronstam16@theglobeandmail.com,Male,189.120.13.149,16580,Peru
44,Manya,Erskine,merskine17@instagram.com,Female,213.30.173.189,11610,Indonesia
45,Manfred,Grisley,mgrisley18@army.mil,Male,123.79.250.112,12062,Bolivia
46,Lanna,Jaume,ljaume19@hc360.com,Female,148.25.132.39,10257,Russia
47,Gaelan,Kuschek,gkuschek1a@ustream.tv,Male,103.181.99.150,7385,Greece
48,Charmine,Cuel,ccuel1b@acquirethisname.com,Female,148.203.113.227,13451,South Korea
49,Shalom,De Hooge,sdehooge1c@booking.com,Male,133.211.106.84,19904,Nepal
50,Ase,Barrat,abarrat1d@globo.com,Male,255.131.47.170,17852,Indonesia
51,Martie,Tarney,mtarney1e@google.de,Male,8.137.149.64,11612,Vietnam
52,Shaw,Corck,scorck1f@xrea.com,Male,152.86.239.141,5997,Brazil
53,Lotte,Tesdale,ltesdale1g@php.net,Female,129.211.107.231,14945,Bangladesh
54,Luce,Hellings,lhellings1h@rediff.com,Female,100.19.9.196,4091,Nigeria
55,Patin,Currey,pcurrey1i@irs.gov,Male,77.87.152.125,8058,China
56,Koressa,Killock,kkillock1j@umn.edu,Female,197.82.166.82,3949,China
57,Yovonnda,Henniger,yhenniger1k@comsenz.com,Female,71.195.214.50,4881,France
58,Bobbe,Richichi,brichichi1l@auda.org.au,Female,165.167.152.68,12996,Russia
59,Tarrah,Benley,tbenley1m@sciencedaily.com,Female,158.253.25.242,13537,Poland
60,Fee,Scarse,fscarse1n@tumblr.com,Male,11.206.59.236,13319,Czech Republic
61,Dionne,Kondratyuk,dkondratyuk1o@multiply.com,Female,154.82.248.113,19953,China
62,Corbett,Claypoole,cclaypoole1p@addtoany.com,Male,100.203.54.233,4005,Albania
63,Minny,Vanyarkin,mvanyarkin1q@smugmug.com,Female,116.189.224.118,12223,Indonesia
64,Licha,Arnely,larnely1r@vkontakte.ru,Female,190.56.134.168,9706,Guatemala
65,Uriah,Camis,ucamis1s@elegantthemes.com,Male,121.153.239.205,3068,Portugal
66,Samuele,Lettice,slettice1t@guardian.co.uk,Male,30.253.30.12,17464,Germany
67,Gavin,Doohan,gdoohan1u@census.gov,Agender,147.92.43.52,16414,Guatemala
68,Tonya,Prantl,tprantl1v@wsj.com,Female,139.122.187.141,14008,China
69,Adelbert,Colclough,acolclough1w@google.cn,Male,117.232.147.114,11361,Russia
70,Ainslie,Chang,achang1x@ning.com,Female,185.93.4.240,5950,United States
71,Jermaine,Hemms,jhemms1y@scribd.com,Female,210.162.112.15,5876,Indonesia
72,Victoir,Kyne,vkyne1z@businesswire.com,Male,75.240.110.231,11872,Indonesia
73,Swen,Lewis,slewis20@jigsy.com,Male,87.236.101.41,3683,Madagascar
74,Babbie,Pidon,bpidon21@webeden.co.uk,Female,177.167.164.71,5233,Philippines
75,Grethel,Gathercole,ggathercole22@networkadvertising.org,Female,179.107.116.111,19912,Kosovo
76,Melinde,Robbins,mrobbins23@ihg.com,Genderqueer,189.245.7.117,5537,Kazakhstan
77,Edward,Marini,emarini24@house.gov,Male,245.29.189.189,6089,Indonesia
78,Isabelita,Piatti,ipiatti25@walmart.com,Female,210.24.218.50,12540,Reunion
79,Dore,Fysh,dfysh26@ow.ly,Female,81.47.55.91,17728,China
80,Nady,Abendroth,nabendroth27@yellowpages.com,Female,32.225.112.26,9282,Indonesia
81,Calhoun,Ridgway,cridgway28@biblegateway.com,Male,82.231.202.87,6145,Dominican Republic
82,Kristen,Bosch,kbosch29@yahoo.co.jp,Female,84.75.205.209,5602,China
83,Ab,Duding,aduding2a@nifty.com,Male,44.35.74.27,14819,Colombia
84,Marve,Rosendall,mrosendall2b@washington.edu,Male,96.139.159.198,10536,Sweden
85,Olimpia,Folbige,ofolbige2c@alibaba.com,Genderfluid,58.108.247.6,9725,Indonesia
86,Ferdinand,Jenno,fjenno2d@addthis.com,Male,194.33.109.244,5743,Belarus
87,Kelly,Scalera,kscalera2e@bing.com,Female,231.46.79.22,5727,China
88,Morgana,Leamon,mleamon2f@seesaa.net,Female,41.129.13.186,13218,Philippines
89,Dory,Farr,dfarr2g@weather.com,Female,162.226.211.155,14155,Brazil
90,Field,Dorracott,fdorracott2h@microsoft.com,Male,62.217.223.163,17808,Palestinian Territory
91,Winthrop,Derks,wderks2i@webs.com,Male,123.120.102.147,8015,Philippines
92,Sid,Crolly,scrolly2j@businessinsider.com,Male,228.125.40.11,7709,China
93,Rodrigo,Cuerdale,rcuerdale2k@networkadvertising.org,Male,147.176.135.240,9179,Belarus
94,Elston,Depport,edepport2l@globo.com,Male,255.65.38.99,5015,French Polynesia
95,Ahmed,Jeacop,ajeacop2m@meetup.com,Male,185.89.95.133,8168,China
96,Modestine,Van der Kruys,mvanderkruys2n@diigo.com,Female,203.117.145.79,15525,Nepal
97,Codee,Drinkel,cdrinkel2o@theglobeandmail.com,Female,148.240.23.8,8915,Ivory Coast
98,Chaddie,Yanukhin,cyanukhin2p@utexas.edu,Male,115.120.251.43,19213,Iran
99,Paten,Vanderplas,pvanderplas2q@ezinearticles.com,Male,131.60.151.97,10422,China
100,Ashby,Scowcraft,ascowcraft2r@miitbeian.gov.cn,Male,137.113.77.255,15734,Venezuela
101,Megan,De Bruijn,mdebruijn2s@behance.net,Female,193.97.150.126,7877,Indonesia
102,Cecelia,Merwede,cmerwede2t@loc.gov,Female,252.56.0.121,13286,Norway
103,Craig,Yeandel,cyeandel2u@wired.com,Male,3.3.153.177,3104,Cyprus
104,Cobb,Rouby,crouby2v@sohu.com,Male,63.33.39.192,3255,Netherlands
105,Marty,Gelsthorpe,mgelsthorpe2w@de.vu,Female,213.82.232.98,7053,France
106,Walt,Kubalek,wkubalek2x@usda.gov,Male,244.150.154.189,8133,China
107,Bastien,Hubball,bhubball2y@accuweather.com,Male,225.109.0.71,5422,Dominican Republic
108,Shelbi,Brewerton,sbrewerton2z@seattletimes.com,Genderqueer,54.239.191.184,12054,Egypt
109,Luca,Knudsen,lknudsen30@hp.com,Male,180.21.137.45,18486,Philippines
110,Lona,Blade,lblade31@cbc.ca,Female,217.30.49.199,8815,Canada
111,Basilio,Baish,bbaish32@posterous.com,Male,162.155.87.11,5743,Pakistan
112,Chandra,Standbrooke,cstandbrooke33@istockphoto.com,Female,38.181.24.18,16704,Mexico
113,Carlie,Eddowes,ceddowes34@pcworld.com,Female,22.104.249.202,15947,Indonesia
114,Gal,Goncalo,ggoncalo35@cpanel.net,Male,107.94.57.224,11964,China
115,Moina,Jeratt,mjeratt36@e-recht24.de,Female,145.218.24.161,13936,China
116,Starla,Fehely,sfehely37@jugem.jp,Female,249.76.1.74,7144,Nigeria
117,Cindelyn,McSaul,cmcsaul38@mozilla.org,Female,60.178.87.201,13448,Russia
118,Hugibert,Taggert,htaggert39@bloomberg.com,Agender,27.237.31.177,7227,China
119,Margeaux,Iannazzi,miannazzi3a@google.com.br,Polygender,216.48.141.96,4927,Philippines
120,Pepi,Juster,pjuster3b@jiathis.com,Female,168.192.108.226,5552,Russia
121,Vince,Bernetti,vbernetti3c@vkontakte.ru,Male,8.14.105.124,6821,France
122,Gregorius,Weild,gweild3d@webmd.com,Male,141.245.209.232,18972,Russia
123,Vinnie,Tille,vtille3e@whitehouse.gov,Female,56.188.92.48,6402,China
124,Clair,Parsons,cparsons3f@newsvine.com,Male,160.161.35.162,17270,Philippines
125,Violette,Young,vyoung3g@wikipedia.org,Female,102.172.253.88,4161,Ukraine
126,Curran,Danzig,cdanzig3h@bbc.co.uk,Male,104.93.251.191,5065,United States
127,Maxie,Iddison,middison3i@tripod.com,Male,38.7.81.221,3028,Philippines
128,Antonetta,Kitteridge,akitteridge3j@samsung.com,Genderfluid,223.146.87.154,4287,Russia
129,Cora,Mattiassi,cmattiassi3k@opera.com,Female,3.150.1.159,3569,Brazil
130,Paula,Aish,paish3l@symantec.com,Female,253.183.218.109,6824,Ukraine
131,Craggy,Kelcher,ckelcher3m@sphinn.com,Male,198.20.179.74,16839,East Timor
132,Annamaria,Flaverty,aflaverty3n@paginegialle.it,Non-binary,53.83.47.201,7898,Portugal
133,Jaye,Girardez,jgirardez3o@nsw.gov.au,Male,44.145.54.201,12296,Indonesia
134,Minta,Wimbridge,mwimbridge3p@netvibes.com,Female,207.253.179.94,4649,Honduras
135,Dallas,Oldershaw,doldershaw3q@seesaa.net,Female,12.159.49.212,12746,Indonesia
136,Thoma,Eckery,teckery3r@yahoo.com,Male,175.175.250.52,16629,Indonesia
137,Alister,Nobles,anobles3s@nbcnews.com,Male,108.218.74.130,5957,China
138,Benni,Lunny,blunny3t@tinypic.com,Female,20.218.107.126,7473,Belarus
139,Felix,Dalgleish,fdalgleish3u@biglobe.ne.jp,Male,233.144.208.19,15164,Japan
140,Ric,Maudling,rmaudling3v@facebook.com,Male,221.93.213.161,10971,Pakistan
141,Ivor,Hedden,ihedden3w@macromedia.com,Male,59.92.35.47,5653,Spain
142,Dore,Levens,dlevens3x@comcast.net,Male,249.2.182.91,17367,Russia
143,Cathrine,Cornelisse,ccornelisse3y@intel.com,Female,243.143.44.149,12178,Indonesia
144,Lacey,Hollows,lhollows3z@deliciousdays.com,Female,72.226.100.158,11880,Russia
145,Ashli,Milesap,amilesap40@nps.gov,Non-binary,66.25.227.77,5919,Poland
146,Eirena,Janecki,ejanecki41@reference.com,Female,23.160.190.98,4078,Russia
147,Theadora,Sherbrooke,tsherbrooke42@go.com,Female,159.69.188.74,7532,Brazil
148,Winn,Swainston,wswainston43@livejournal.com,Non-binary,114.158.240.119,17153,Czech Republic
149,Sumner,Rolf,srolf44@bluehost.com,Non-binary,212.131.59.241,6587,Indonesia
150,Dorie,Pund,dpund45@plala.or.jp,Female,134.165.246.183,12742,Indonesia
151,Enrico,Rouby,erouby46@harvard.edu,Male,167.137.64.247,14884,Sweden
152,Field,Fair,ffair47@time.com,Male,20.191.97.132,8431,Portugal
153,Veradis,Piotrowski,vpiotrowski48@springer.com,Female,196.10.157.40,19878,Poland
154,Mandel,Buffery,mbuffery49@topsy.com,Male,248.133.29.7,18038,Indonesia
155,Cully,Melesk,cmelesk4a@php.net,Male,111.175.135.230,6147,Azerbaijan
156,Shurlock,Beckmann,sbeckmann4b@epa.gov,Male,59.145.167.114,11910,Poland
157,Chelsey,McGow,cmcgow4c@google.pl,Female,52.164.114.32,11317,Sweden
158,Mordecai,Bresner,mbresner4d@sohu.com,Male,237.201.225.170,5225,Portugal
159,Gates,Dwelly,gdwelly4e@gnu.org,Female,227.242.31.140,6587,Philippines
160,Kerwin,Boosey,kboosey4f@ox.ac.uk,Male,50.88.5.192,12832,Russia
161,Putnam,Parslow,pparslow4g@usnews.com,Male,28.87.162.0,3855,China
162,Galen,Vercruysse,gvercruysse4h@mac.com,Male,85.147.171.197,6562,Mexico
163,Car,McBrady,cmcbrady4i@sciencedaily.com,Male,149.115.94.196,13905,Finland
164,Ariel,Woodrow,awoodrow4j@wordpress.org,Male,9.25.17.98,4198,China
165,Sonia,Maylour,smaylour4k@ameblo.jp,Female,6.0.180.100,17373,Ivory Coast
166,Stephanus,Bartrap,sbartrap4l@multiply.com,Male,0.75.146.78,9129,China
167,Wallis,Teck,wteck4m@cyberchimps.com,Female,11.14.69.254,7333,Russia
168,Portie,Roffey,proffey4n@bbb.org,Male,167.115.160.172,18897,Portugal
169,Trefor,Eyton,teyton4o@utexas.edu,Male,62.86.78.95,15003,Zambia
170,Valentijn,Bosley,vbosley4p@storify.com,Male,169.250.45.234,17895,Indonesia
171,Kimbell,Lavens,klavens4q@twitter.com,Male,210.210.93.127,10093,China
172,Wyatan,Tupie,wtupie4r@privacy.gov.au,Agender,138.175.13.136,16710,Greece
173,Vicky,Wafer,vwafer4s@independent.co.uk,Genderfluid,179.233.14.162,10094,Portugal
174,Rafaela,Cartlidge,rcartlidge4t@hao123.com,Female,123.26.93.142,15713,China
175,Torin,Manners,tmanners4u@ted.com,Male,138.178.85.200,13657,China
176,Hammad,Pembry,hpembry4v@prweb.com,Male,4.58.154.207,14498,Ireland
177,Alaster,Burleigh,aburleigh4w@netscape.com,Male,197.4.152.15,4476,Mexico
178,Tobit,Drust,tdrust4x@cbsnews.com,Male,19.0.232.14,6841,Croatia
179,Skippie,Slark,sslark4y@wordpress.com,Male,210.53.60.114,17809,Thailand
180,Hinze,Stainland,hstainland4z@myspace.com,Male,25.148.114.107,5674,Indonesia
181,Roi,Sygrove,rsygrove50@hugedomains.com,Genderqueer,209.144.135.46,16075,China
182,Georgeanne,Varvara,gvarvara51@newyorker.com,Female,169.36.253.17,13625,Ecuador
183,Lillis,Thomlinson,lthomlinson52@homestead.com,Female,24.120.244.97,5508,Russia
184,Joya,Tuminelli,jtuminelli53@google.nl,Female,28.88.242.56,5921,Jordan
185,Melania,Rzehor,mrzehor54@amazonaws.com,Agender,229.162.193.84,5152,Greece
186,Herbert,Flipsen,hflipsen55@yellowbook.com,Male,58.235.89.204,12882,Colombia
187,Waring,Brotherton,wbrotherton56@last.fm,Non-binary,232.229.228.9,10194,Saudi Arabia
188,Laney,Gadault,lgadault57@php.net,Female,202.66.48.233,15795,Indonesia
189,Hirsch,Deverock,hdeverock58@linkedin.com,Male,119.183.30.8,9265,China
190,Bone,Tippell,btippell59@deliciousdays.com,Agender,203.228.229.223,12849,United States
191,Pasquale,Ledrun,pledrun5a@alexa.com,Male,103.192.63.75,15225,China
192,Lyssa,Marriage,lmarriage5b@yellowbook.com,Female,146.43.81.75,10373,Indonesia
193,Dougy,Lewis,dlewis5c@blogspot.com,Male,139.36.101.92,9374,New Zealand
194,Heywood,Rubanenko,hrubanenko5d@wp.com,Male,29.26.114.231,8130,Indonesia
195,Katlin,Johantges,kjohantges5e@oaic.gov.au,Female,45.202.26.43,11588,United States
196,Chicky,Turbefield,cturbefield5f@patch.com,Male,225.72.184.198,8925,China
197,Arielle,Tammadge,atammadge5g@yellowpages.com,Female,42.234.188.169,10612,Indonesia
198,Rosina,Linggood,rlinggood5h@soup.io,Female,8.133.48.126,8707,Chad
199,Emlyn,Muccino,emuccino5i@naver.com,Male,160.216.229.158,18749,Uruguay
200,Shandra,Wicklen,swicklen5j@google.fr,Female,197.48.178.212,15646,Philippines
201,Gerianne,Penman,gpenman5k@mit.edu,Female,235.213.145.190,14185,China
202,Zitella,Ege,zege5l@gnu.org,Agender,147.209.245.192,12122,Canada
203,Marisa,Fidelli,mfidelli5m@earthlink.net,Female,186.198.62.85,7368,Honduras
204,Maxwell,Pavelin,mpavelin5n@shop-pro.jp,Male,59.15.205.63,11031,Uzbekistan
205,Jane,MacGinley,jmacginley5o@goo.gl,Female,193.245.227.4,17866,France
206,Joela,D'eath,jdeath5p@ucoz.com,Female,169.49.92.211,6366,France
207,Garold,Roache,groache5q@behance.net,Polygender,134.69.145.142,8343,Argentina
208,Stacey,Quince,squince5r@mysql.com,Female,201.165.8.107,15076,Brazil
209,Elayne,Sowte,esowte5s@soup.io,Female,3.178.45.12,16617,Colombia
210,Travers,Grishelyov,tgrishelyov5t@reference.com,Agender,174.130.90.35,15645,Indonesia
211,Edithe,Triggle,etriggle5u@vistaprint.com,Female,208.57.74.196,16515,Nepal
212,Thomas,Alesi,talesi5v@senate.gov,Genderqueer,10.199.97.185,19194,China
213,Zsa zsa,Caveill,zcaveill5w@slate.com,Female,38.182.251.154,12413,United States
214,Modestine,Doggett,mdoggett5x@rediff.com,Female,217.50.92.118,18995,China
215,Karlie,Chiddy,kchiddy5y@vinaora.com,Female,39.118.12.75,14268,Sweden
216,Eal,Poulsom,epoulsom5z@canalblog.com,Male,37.181.157.92,6512,China
217,Pia,Maclaine,pmaclaine60@ucla.edu,Female,203.25.20.92,9149,Thailand
218,Read,Kollas,rkollas61@elegantthemes.com,Male,46.125.170.240,8529,Colombia
219,Blake,Gohn,bgohn62@yandex.ru,Male,25.0.51.105,9162,Israel
220,Bevon,Lazar,blazar63@pagesperso-orange.fr,Male,143.233.35.11,11169,Brazil
221,Luce,Lebbon,llebbon64@ca.gov,Female,237.86.61.79,9025,Indonesia
222,Salvatore,Verry,sverry65@usda.gov,Male,253.49.152.183,8040,Ukraine
223,Loretta,Geri,lgeri66@unblog.fr,Agender,135.55.255.15,19149,South Africa
224,Willi,Grinikhinov,wgrinikhinov67@yahoo.com,Female,183.178.173.139,12407,China
225,Leslie,Insworth,linsworth68@psu.edu,Male,23.248.205.253,14079,Russia
226,Dayle,Darlaston,ddarlaston69@google.com.br,Female,6.159.141.236,15178,Belarus
227,Bruis,Andresen,bandresen6a@archive.org,Male,96.4.136.181,18226,Belarus
228,Desiree,Farncombe,dfarncombe6b@ocn.ne.jp,Bigender,243.18.47.50,12042,Colombia
229,Robbyn,Neiland,rneiland6c@amazon.co.jp,Female,176.90.164.166,14604,Poland
230,Paige,O'Hdirscoll,pohdirscoll6d@hc360.com,Female,32.7.100.184,13316,Portugal
231,Niall,Straffon,nstraffon6e@biblegateway.com,Male,220.133.190.213,7544,Indonesia
232,Whitney,Squire,wsquire6f@dropbox.com,Bigender,54.219.115.182,14657,Russia
233,Gonzalo,Bennie,gbennie6g@4shared.com,Male,116.103.56.160,5462,China
234,Ruperta,Castellino,rcastellino6h@virginia.edu,Female,69.203.228.89,4325,Afghanistan
235,Jake,McNay,jmcnay6i@cnbc.com,Male,7.167.55.54,13806,Indonesia
236,Richie,Forstall,rforstall6j@gmpg.org,Male,81.247.238.98,3304,Serbia
237,Flo,O'Kuddyhy,fokuddyhy6k@ca.gov,Female,12.63.105.138,10951,Thailand
238,Gates,Norway,gnorway6l@aboutads.info,Female,142.179.84.177,5520,Philippines
239,Florinda,Rickeard,frickeard6m@tmall.com,Female,92.219.165.103,5119,Thailand
240,Kellby,Fabler,kfabler6n@desdev.cn,Male,22.106.202.227,5942,China
241,May,Jahncke,mjahncke6o@topsy.com,Female,185.61.29.234,5144,China
242,Jaclyn,Trim,jtrim6p@google.fr,Female,247.156.173.127,9016,Belarus
243,Irving,Cassels,icassels6q@hexun.com,Male,154.79.213.9,5970,Poland
244,Catha,Pannett,cpannett6r@alexa.com,Bigender,95.207.214.247,10124,China
245,Camella,Keith,ckeith6s@economist.com,Female,198.218.110.148,10828,China
246,Alasdair,Vasilmanov,avasilmanov6t@nyu.edu,Genderqueer,40.218.146.203,18211,Haiti
247,Flynn,Bonny,fbonny6u@phoca.cz,Male,132.92.194.247,6986,Colombia
248,Claiborne,Siddeley,csiddeley6v@wix.com,Male,183.225.68.200,5338,China
249,Gloria,Yuryichev,gyuryichev6w@miitbeian.gov.cn,Female,248.216.229.141,16715,Russia
250,Dennison,Fourcade,dfourcade6x@cbc.ca,Bigender,131.141.203.59,5821,Russia
251,Julie,Lithcow,jlithcow6y@bbb.org,Male,82.17.168.118,7094,China
252,Levin,Gudgen,lgudgen6z@princeton.edu,Male,52.128.131.186,11114,Thailand
253,Nicolis,Petrol,npetrol70@state.gov,Male,150.105.41.70,17270,Indonesia
254,Zahara,O'Hingerty,zohingerty71@wordpress.com,Female,181.253.138.146,17453,Canada
255,Lorilyn,Delhanty,ldelhanty72@rakuten.co.jp,Female,132.53.72.71,12407,China
256,Kata,Rooke,krooke73@loc.gov,Female,59.84.107.242,6890,China
257,Iosep,Hartburn,ihartburn74@mozilla.org,Male,118.109.108.48,3487,Guatemala
258,Franklin,Chessor,fchessor75@istockphoto.com,Male,95.145.199.2,16447,Sweden
259,Tallie,Billo,tbillo76@photobucket.com,Female,67.77.11.202,14759,Morocco
260,Hesther,Filippone,hfilippone77@studiopress.com,Female,175.66.42.44,16051,Russia
261,Hillier,Dillestone,hdillestone78@si.edu,Male,250.86.147.142,3094,Russia
262,Vernen,Penbarthy,vpenbarthy79@nifty.com,Male,150.253.139.29,14891,China
263,Creighton,Bianco,cbianco7a@creativecommons.org,Male,82.146.240.252,9937,Sweden
264,Pam,MacKibbon,pmackibbon7b@thetimes.co.uk,Female,68.84.97.216,19267,Portugal
265,Allister,Meaddowcroft,ameaddowcroft7c@geocities.jp,Male,255.226.13.213,10219,Indonesia
266,Elisha,Pethybridge,epethybridge7d@aol.com,Female,184.38.38.112,17010,Honduras
267,Bradan,Hymans,bhymans7e@xinhuanet.com,Male,111.254.245.185,13815,Thailand
268,Zaneta,MacCallum,zmaccallum7f@paypal.com,Female,90.94.112.69,10942,Sweden
269,Robbyn,Brayshaw,rbrayshaw7g@slashdot.org,Female,176.224.118.148,4172,Canada
270,Amelia,Haspineall,ahaspineall7h@topsy.com,Female,200.91.117.34,12443,Indonesia
271,Elyse,Swaffer,eswaffer7i@cnn.com,Female,254.87.255.170,12756,Japan
272,Bax,Ganny,bganny7j@wikimedia.org,Male,60.172.17.211,19599,United States
273,Elnar,Peidro,epeidro7k@google.ca,Male,156.89.236.99,13235,Senegal
274,Roberto,Finicj,rfinicj7l@msn.com,Male,11.112.140.180,13861,Israel
275,Phoebe,Heliot,pheliot7m@ask.com,Female,6.134.158.40,3544,China
276,Sal,Matteoli,smatteoli7n@gizmodo.com,Male,29.79.140.237,12786,Philippines
277,Hashim,Forrester,hforrester7o@weibo.com,Male,197.82.243.143,17756,China
278,Bat,Oddy,boddy7p@rediff.com,Male,90.33.44.14,6035,United States
279,Meredith,Asquez,masquez7q@odnoklassniki.ru,Male,240.52.233.43,9276,Peru
280,Lothario,Wibrew,lwibrew7r@bloglovin.com,Male,103.233.33.201,6370,Russia
281,Trudi,Dumbell,tdumbell7s@reverbnation.com,Female,162.164.40.41,14380,France
282,Hyacinth,Wych,hwych7t@furl.net,Female,21.5.26.165,4219,Indonesia
283,Powell,Bragger,pbragger7u@buzzfeed.com,Male,244.147.79.125,13721,Russia
284,Alfredo,Ghest,aghest7v@amazon.de,Male,194.89.4.59,5229,Czech Republic
285,Zahara,Gatiss,zgatiss7w@ovh.net,Female,134.179.175.109,4676,China
286,Zebulon,Golde,zgolde7x@lycos.com,Male,229.106.44.229,14072,Colombia
287,Kennith,Bodycombe,kbodycombe7y@timesonline.co.uk,Male,58.203.214.6,15066,Philippines
288,Trueman,Rizzotto,trizzotto7z@pbs.org,Male,120.80.206.140,7731,Ukraine
289,Georgeta,Tregidgo,gtregidgo80@blogger.com,Polygender,22.201.44.178,7167,China
290,Burl,Reuven,breuven81@soundcloud.com,Male,254.94.24.145,5667,Russia
291,Noni,Giorgio,ngiorgio82@pagesperso-orange.fr,Female,7.218.191.239,5431,Japan
292,Robinette,Lafuente,rlafuente83@plala.or.jp,Female,176.201.33.229,18878,Russia
293,Adena,Snarr,asnarr84@youtu.be,Genderfluid,122.44.57.255,10496,Czech Republic
294,Inna,Prium,iprium85@europa.eu,Polygender,241.197.166.87,4646,Russia
295,Rochester,Burmaster,rburmaster86@yahoo.co.jp,Male,67.218.214.5,13887,Micronesia
296,Renee,Brabyn,rbrabyn87@biblegateway.com,Female,204.249.134.242,5831,Thailand
297,Josselyn,Chanson,jchanson88@oaic.gov.au,Female,174.183.248.89,12663,China
298,Devi,Splaven,dsplaven89@sogou.com,Female,253.170.225.107,16896,South Korea
299,Sydel,Danilov,sdanilov8a@acquirethisname.com,Female,212.150.75.93,16232,China
300,Boonie,Learmonth,blearmonth8b@thetimes.co.uk,Male,50.105.238.66,10183,Uruguay
301,Kinsley,Veart,kveart8c@gizmodo.com,Male,86.209.1.182,15115,Georgia
302,Zaccaria,Tallquist,ztallquist8d@netlog.com,Male,255.138.142.53,14483,Portugal
303,Beatrice,Lavies,blavies8e@samsung.com,Female,251.114.159.121,12345,Sweden
304,Verene,Shields,vshields8f@soundcloud.com,Polygender,11.14.88.22,12822,Serbia
305,Ashbey,Stillert,astillert8g@e-recht24.de,Male,9.172.236.177,9351,Nigeria
306,Free,Cohalan,fcohalan8h@economist.com,Male,79.138.73.4,12572,Ukraine
307,Bertrand,Jedraszek,bjedraszek8i@topsy.com,Male,190.215.132.150,6521,Mongolia
308,Gunilla,Jordison,gjordison8j@rakuten.co.jp,Female,88.96.247.254,14866,Mongolia
309,Freedman,Campione,fcampione8k@bbb.org,Male,76.22.15.137,19693,France
310,Theodosia,Barrowcliff,tbarrowcliff8l@army.mil,Female,47.45.150.194,12100,Vietnam
311,Florry,Deamer,fdeamer8m@ibm.com,Female,174.154.36.243,11076,Indonesia
312,Waldo,Sheridan,wsheridan8n@theglobeandmail.com,Non-binary,156.47.113.34,3161,Mexico
313,Broderick,Habben,bhabben8o@flickr.com,Male,227.112.112.143,18158,Kazakhstan
314,Rutherford,Palk,rpalk8p@free.fr,Male,18.102.205.191,19331,Brazil
315,Valeria,Fourmy,vfourmy8q@bbb.org,Female,46.234.254.129,7526,Argentina
316,Kylie,Wrightson,kwrightson8r@ocn.ne.jp,Female,39.223.181.157,7413,Czech Republic
317,Lorine,Vice,lvice8s@amazonaws.com,Female,136.89.149.203,9811,China
318,Agathe,Kares,akares8t@dailymotion.com,Female,137.48.143.173,19698,Indonesia
319,Amandie,Plester,aplester8u@dagondesign.com,Female,211.125.185.39,3244,France
320,Debbi,Checketts,dchecketts8v@cisco.com,Female,57.200.37.201,14794,Sweden
321,Tarah,Formoy,tformoy8w@amazon.com,Female,199.254.1.209,14160,China
322,Kendal,O'Lunny,kolunny8x@archive.org,Male,78.91.182.7,16491,Czech Republic
323,Leeland,Speak,lspeak8y@zdnet.com,Male,156.171.183.134,9906,Indonesia
324,Kimmie,Deme,kdeme8z@privacy.gov.au,Female,112.170.227.217,9323,Nigeria
325,Rory,Lofthouse,rlofthouse90@wikia.com,Genderfluid,204.123.241.9,17377,Czech Republic
326,Murielle,Petche,mpetche91@latimes.com,Female,254.170.18.218,19391,China
327,Rollins,Jaume,rjaume92@xrea.com,Male,203.222.0.169,8929,Cuba
328,Quinn,McKeady,qmckeady93@trellian.com,Female,115.189.222.173,19349,China
329,Craig,Scargle,cscargle94@biblegateway.com,Non-binary,94.254.126.6,17192,Tanzania
330,Cedric,Axcell,caxcell95@cisco.com,Male,243.93.219.160,9478,China
331,Benita,Gorring,bgorring96@china.com.cn,Female,175.181.246.203,3847,Czech Republic
332,Goddart,Mapholm,gmapholm97@altervista.org,Male,67.160.44.32,4220,Argentina
333,Camella,Milksop,cmilksop98@barnesandnoble.com,Female,184.203.121.133,5237,Senegal
334,Jonie,Linskill,jlinskill99@mayoclinic.com,Female,113.163.246.55,19134,Colombia
335,Anselm,Milley,amilley9a@nature.com,Male,41.69.138.96,8070,China
336,Rodney,Ratchford,rratchford9b@abc.net.au,Male,129.106.129.59,18345,Indonesia
337,Selinda,de Castelain,sdecastelain9c@nbcnews.com,Female,20.4.233.171,7788,Kazakhstan
338,Shelagh,Dinzey,sdinzey9d@bloomberg.com,Female,22.86.72.133,18005,Brazil
339,Portie,Antczak,pantczak9e@omniture.com,Male,123.188.72.92,19610,Argentina
340,Flss,Wadforth,fwadforth9f@xing.com,Female,237.241.132.242,19588,Croatia
341,Corina,Asser,casser9g@marketwatch.com,Female,104.162.201.110,4992,Poland
342,Cassi,Barde,cbarde9h@cisco.com,Female,45.81.253.16,13711,China
343,Shanan,Wolfer,swolfer9i@gravatar.com,Male,185.150.45.192,16354,Japan
344,Normy,Schriren,nschriren9j@hexun.com,Male,109.234.203.66,19157,South Africa
345,Dorelia,Faull,dfaull9k@psu.edu,Female,187.44.131.69,14096,China
346,Stern,Prescott,sprescott9l@scribd.com,Male,158.58.247.192,10806,China
347,Rog,Choffin,rchoffin9m@dropbox.com,Male,82.19.221.241,13093,Brazil
348,Wynny,Pedracci,wpedracci9n@japanpost.jp,Female,104.23.147.17,14967,Mexico
349,Kristofor,Slatcher,kslatcher9o@cnbc.com,Male,30.203.250.101,4355,Mexico
350,Cassie,Brimmicombe,cbrimmicombe9p@wikispaces.com,Male,133.203.139.243,12033,Brazil
351,Carlene,Kitchingman,ckitchingman9q@blogger.com,Female,139.29.13.100,19930,Djibouti
352,Elston,Knock,eknock9r@whitehouse.gov,Male,100.254.253.235,5323,China
353,Neda,Starmer,nstarmer9s@blinklist.com,Female,193.104.12.28,12608,Bosnia and Herzegovina
354,Brian,Caile,bcaile9t@mit.edu,Male,62.170.214.21,9979,Tunisia
355,Ragnar,Jedraszek,rjedraszek9u@intel.com,Male,175.231.50.37,4823,Thailand
356,Freddie,Dunkinson,fdunkinson9v@theatlantic.com,Female,27.94.19.6,15940,Malawi
357,Annetta,McGinnis,amcginnis9w@theatlantic.com,Female,43.190.99.177,4677,France
358,Hinze,Dobbing,hdobbing9x@ustream.tv,Male,244.86.14.254,7979,China
359,Klara,Ebbs,kebbs9y@bbc.co.uk,Female,50.74.106.10,3442,France
360,Zorine,Maddinon,zmaddinon9z@ucsd.edu,Female,79.188.197.255,5971,Sierra Leone
361,Terrye,Conman,tconmana0@flavors.me,Female,249.128.230.95,5468,Philippines
362,Una,Vasyanin,uvasyanina1@theguardian.com,Non-binary,237.1.55.17,16716,Portugal
363,Pietra,Boyda,pboydaa2@yahoo.com,Female,204.197.26.92,3497,Morocco
364,Bernard,Ayliffe,bayliffea3@about.me,Male,3.116.184.250,17069,China
365,Malva,Cope,mcopea4@themeforest.net,Female,212.123.111.196,12712,China
366,Hynda,Robardley,hrobardleya5@ustream.tv,Female,184.151.42.191,18985,Russia
367,Gan,Fifoot,gfifoota6@xrea.com,Male,204.71.64.110,18765,Indonesia
368,Peder,Kille,pkillea7@vkontakte.ru,Male,72.206.111.198,19570,Cuba
369,Ailis,Yackiminie,ayackiminiea8@yahoo.com,Female,229.175.218.30,10710,South Africa
370,Darcy,Messiter,dmessitera9@unblog.fr,Female,115.189.171.121,18343,Poland
371,Shauna,Edgley,sedgleyaa@nps.gov,Female,124.122.71.225,15165,Russia
372,Shandee,Skone,sskoneab@jigsy.com,Bigender,194.206.173.212,7108,Russia
373,Cosetta,Liggett,cliggettac@addthis.com,Female,125.21.193.40,17853,United States
374,Camilla,Attrill,cattrillad@home.pl,Female,246.82.125.82,18026,Canada
375,Peter,Pedracci,ppedracciae@creativecommons.org,Male,16.191.124.150,15221,Canada
376,Lauraine,Gilvary,lgilvaryaf@quantcast.com,Female,175.9.74.179,10534,Indonesia
377,Matthaeus,Ronaghan,mronaghanag@privacy.gov.au,Male,144.32.230.233,16400,Vietnam
378,Gilli,Lahrs,glahrsah@bluehost.com,Female,155.205.248.164,5518,Nepal
379,Brigida,Cadlock,bcadlockai@qq.com,Female,21.157.30.168,8294,Spain
380,Fredi,Wheelwright,fwheelwrightaj@harvard.edu,Female,10.110.240.197,3926,Georgia
381,Hercule,Cescoti,hcescotiak@eventbrite.com,Polygender,147.207.198.143,14753,Kazakhstan
382,Luella,Warsop,lwarsopal@cmu.edu,Female,138.100.5.17,4818,Curacao
383,Ezmeralda,Trouel,etrouelam@ycombinator.com,Non-binary,172.100.26.84,18554,Burkina Faso
384,Mariquilla,Batchelder,mbatchelderan@tuttocitta.it,Female,105.139.18.162,6436,Guatemala
385,Isaak,Brandenburg,ibrandenburgao@huffingtonpost.com,Male,91.37.208.82,15872,China
386,Tommi,Hand,thandap@berkeley.edu,Female,220.118.40.49,10932,Mexico
387,Maurene,Limerick,mlimerickaq@exblog.jp,Female,132.186.3.104,13439,Brazil
388,Avis,Whitnall,awhitnallar@feedburner.com,Female,46.205.33.202,16013,Indonesia
389,Delmore,Greenhow,dgreenhowas@wikia.com,Polygender,84.90.201.224,3557,Indonesia
390,Bartlet,Jevons,bjevonsat@cargocollective.com,Male,168.134.50.108,16359,Afghanistan
391,Jimmie,Kindle,jkindleau@plala.or.jp,Male,199.29.70.94,11635,China
392,Rockwell,Brunskill,rbrunskillav@ehow.com,Male,241.174.254.51,5913,Malaysia
393,Eddi,Hupka,ehupkaaw@themeforest.net,Female,42.142.167.152,15813,Czech Republic
394,Jocelin,Sandes,jsandesax@geocities.com,Female,168.127.142.17,9651,Vietnam
395,Louisa,Stockhill,lstockhillay@technorati.com,Genderfluid,87.37.125.19,14817,China
396,Griffy,Martynov,gmartynovaz@slate.com,Male,52.20.236.11,19242,China
397,Thaxter,Francklyn,tfrancklynb0@si.edu,Male,223.80.102.22,16631,Portugal
398,Andrew,Segot,asegotb1@constantcontact.com,Male,176.121.181.117,8105,Dominican Republic
399,Sarajane,Lionel,slionelb2@businessweek.com,Bigender,209.128.169.173,5520,Croatia
400,Deerdre,Alstead,dalsteadb3@devhub.com,Female,26.123.218.159,17727,United States
401,Mindy,Harcus,mharcusb4@nps.gov,Female,236.3.9.56,17531,Sierra Leone
402,Devondra,Staneland,dstanelandb5@xrea.com,Female,194.129.119.29,7141,Tanzania
403,Marnie,Landell,mlandellb6@cdc.gov,Female,43.117.62.217,9064,Poland
404,York,Brandel,ybrandelb7@youtu.be,Male,180.55.156.148,18096,Indonesia
405,Susi,Crewther,screwtherb8@go.com,Non-binary,122.156.144.129,18459,China
406,Sophronia,Kinnerley,skinnerleyb9@surveymonkey.com,Female,11.210.27.246,17624,China
407,Karie,Butters,kbuttersba@sfgate.com,Female,74.242.145.88,18600,China
408,Meggy,Treamayne,mtreamaynebb@cnn.com,Female,77.1.60.92,10896,Tanzania
409,Emmaline,Walls,ewallsbc@1und1.de,Female,255.19.119.130,17028,Philippines
410,Gae,Sporrij,gsporrijbd@typepad.com,Female,167.162.214.145,3836,Sweden
411,Peyton,Craighill,pcraighillbe@aol.com,Male,136.130.19.186,14521,China
412,Octavia,Blanden,oblandenbf@infoseek.co.jp,Female,108.232.141.70,16253,Panama
413,Evelyn,MacKibbon,emackibbonbg@technorati.com,Male,236.224.29.104,19371,Canada
414,Renie,Pegrum,rpegrumbh@ox.ac.uk,Female,39.87.154.77,12544,Guatemala
415,Clevie,Fulun,cfulunbi@google.pl,Male,110.96.229.56,17934,Philippines
416,Zachery,Pashenkov,zpashenkovbj@dot.gov,Male,94.112.109.253,11012,Senegal
417,Tabby,Whapples,twhapplesbk@wikispaces.com,Male,56.232.185.107,6055,Ukraine
418,Callie,Whitehurst,cwhitehurstbl@cisco.com,Female,54.56.165.109,14022,Argentina
419,Cayla,Jollye,cjollyebm@ca.gov,Female,125.172.12.56,15447,China
420,Nikos,Toone,ntoonebn@sphinn.com,Male,11.233.253.220,16274,China
421,Eadith,Caldaro,ecaldarobo@mozilla.org,Female,62.156.0.28,11580,Poland
422,Sig,Snooks,ssnooksbp@amazon.de,Male,123.199.236.142,3038,Philippines
423,Isobel,Chatto,ichattobq@wikispaces.com,Female,48.133.147.66,11017,China
424,Liv,Marskell,lmarskellbr@gnu.org,Female,36.57.39.99,19694,Morocco
425,Birch,Shailer,bshailerbs@army.mil,Polygender,120.177.13.217,9865,Belarus
426,Windham,Goodwins,wgoodwinsbt@blogs.com,Male,242.98.186.107,14777,Indonesia
427,Clo,Eliassen,celiassenbu@vimeo.com,Female,28.122.225.118,6111,Indonesia
428,Marnie,Edworthy,medworthybv@goo.gl,Female,178.27.220.146,16200,Thailand
429,Fae,Wann,fwannbw@123-reg.co.uk,Female,99.63.74.223,11056,Philippines
430,Durward,Djokovic,ddjokovicbx@theatlantic.com,Male,101.135.59.169,3973,Bangladesh
431,Kirk,Kendal,kkendalby@squarespace.com,Male,193.229.96.71,10067,Brazil
432,Cy,Simenon,csimenonbz@woothemes.com,Male,8.93.5.75,10006,Central African Republic
433,Jandy,Woodroof,jwoodroofc0@apple.com,Female,159.177.121.64,6757,Russia
434,Adel,Hrishchenko,ahrishchenkoc1@dedecms.com,Female,168.244.253.242,3648,Indonesia
435,Kyle,Scowen,kscowenc2@kickstarter.com,Female,209.30.9.12,11182,China
436,Thatch,Mackerness,tmackernessc3@purevolume.com,Male,13.21.47.15,18887,Indonesia
437,Brenn,Ruzek,bruzekc4@ihg.com,Female,223.79.2.101,19717,China
438,Stanleigh,Rizzolo,srizzoloc5@weebly.com,Male,213.254.201.224,7332,Togo
439,Juline,Blunden,jblundenc6@a8.net,Female,64.127.43.182,7202,Czech Republic
440,Rachel,Wollaston,rwollastonc7@bloglines.com,Female,60.27.190.141,4209,Brazil
441,Brander,Berwick,bberwickc8@sogou.com,Male,187.31.226.115,6693,Indonesia
442,Ernaline,Affron,eaffronc9@state.gov,Female,134.249.2.169,11031,Brazil
443,Stearne,Webling,sweblingca@pinterest.com,Male,90.246.168.109,4169,China
444,Ogdan,Calveley,ocalveleycb@blogger.com,Male,239.216.93.98,16896,Greece
445,Nonie,Peatman,npeatmancc@addthis.com,Female,33.53.81.17,8369,Albania
446,Karlee,King,kkingcd@reverbnation.com,Female,3.101.4.116,3655,Ireland
447,Demetri,Kuhnert,dkuhnertce@geocities.com,Male,9.159.43.248,14233,Poland
448,Killian,Doniso,kdonisocf@boston.com,Male,86.217.122.122,9346,Poland
449,Johnnie,Greber,jgrebercg@mayoclinic.com,Male,85.204.99.116,4978,Brazil
450,Vladamir,Behne,vbehnech@sfgate.com,Male,131.0.56.112,12095,Portugal
451,Kennie,Vynehall,kvynehallci@kickstarter.com,Male,16.32.244.158,9257,China
452,Anni,Janicijevic,ajanicijeviccj@ucla.edu,Female,67.68.88.163,3472,China
453,Dani,Mathewson,dmathewsonck@theglobeandmail.com,Male,88.166.41.72,9915,Poland
454,Clywd,Maevela,cmaevelacl@cocolog-nifty.com,Male,26.61.40.208,17329,Indonesia
455,Lindon,Armatidge,larmatidgecm@home.pl,Male,82.212.146.245,5866,China
456,Parnell,Sweetnam,psweetnamcn@google.cn,Male,246.42.23.156,18983,China
457,Corrina,Pillman,cpillmanco@reddit.com,Female,197.59.126.140,12995,China
458,Elwood,Betteridge,ebetteridgecp@dot.gov,Male,27.191.23.247,12451,Indonesia
459,Reg,Poppleston,rpopplestoncq@angelfire.com,Male,1.232.51.89,14737,Palestinian Territory
460,Goldia,Craig,gcraigcr@t-online.de,Female,18.255.70.70,9552,Indonesia
461,Genvieve,Barles,gbarlescs@tmall.com,Female,161.86.222.216,9429,Finland
462,Hillyer,Puddephatt,hpuddephattct@msu.edu,Male,126.6.90.153,12556,Zambia
463,Dawn,Fluit,dfluitcu@people.com.cn,Female,179.28.123.2,12003,South Korea
464,Garreth,Beckers,gbeckerscv@census.gov,Male,236.170.212.237,18113,Honduras
465,Gwendolin,Wilde,gwildecw@xrea.com,Female,191.124.25.192,17972,Russia
466,Sisile,Veitch,sveitchcx@cdbaby.com,Genderfluid,235.199.33.50,19839,Portugal
467,Melli,Robers,mroberscy@intel.com,Female,16.101.45.157,11093,China
468,Robby,Gulliver,rgullivercz@biglobe.ne.jp,Male,124.158.192.79,5762,Dominican Republic
469,Algernon,Krause,akraused0@indiegogo.com,Male,165.150.175.78,5781,Macedonia
470,Sarah,Goranov,sgoranovd1@etsy.com,Female,59.178.99.74,3471,Sweden
471,Travis,Stammirs,tstammirsd2@nasa.gov,Male,90.172.240.240,13980,Malta
472,Jarrid,Strathdee,jstrathdeed3@si.edu,Male,59.123.29.170,19018,Sweden
473,Adrianna,Blease,ableased4@zdnet.com,Female,138.170.230.165,11792,Sweden
474,Bonny,Warters,bwartersd5@google.ca,Female,171.233.161.210,10178,Philippines
475,George,Sulland,gsullandd6@scientificamerican.com,Bigender,20.226.128.87,10357,Nigeria
476,Olva,Bowlands,obowlandsd7@timesonline.co.uk,Female,38.240.232.53,13104,South Africa
477,Blanch,Fellona,bfellonad8@cargocollective.com,Female,46.46.236.105,17928,China
478,Guendolen,Kropach,gkropachd9@amazon.co.jp,Bigender,98.214.130.73,8728,China
479,Celestyna,Comford,ccomfordda@kickstarter.com,Female,155.172.19.150,9009,Iran
480,Carey,Kitchin,ckitchindb@twitpic.com,Female,89.43.227.22,3894,Kuwait
481,Jeanna,Righy,jrighydc@spotify.com,Female,198.124.179.75,5870,Japan
482,Maddy,Verbeke,mverbekedd@archive.org,Female,238.23.123.208,11291,Cuba
483,Walton,Montgomery,wmontgomeryde@spiegel.de,Male,114.112.82.164,19327,France
484,Inga,Somerset,isomersetdf@phpbb.com,Female,108.192.249.247,11344,Indonesia
485,Colene,Goforth,cgoforthdg@behance.net,Female,148.251.220.72,17344,China
486,Carmita,Deeman,cdeemandh@macromedia.com,Female,179.141.135.99,10296,Thailand
487,Chauncey,Enden,cendendi@hp.com,Male,188.114.124.79,14437,Portugal
488,Maison,Gallant,mgallantdj@shutterfly.com,Male,77.101.28.246,4177,Russia
489,Larry,Goering,lgoeringdk@ocn.ne.jp,Male,74.73.23.128,5232,Ethiopia
490,Rudyard,Tarver,rtarverdl@mysql.com,Male,182.248.130.94,9870,New Zealand
491,Cynde,Haslin,chaslindm@japanpost.jp,Female,222.202.114.91,11510,Burkina Faso
492,Fanny,Velte,fveltedn@barnesandnoble.com,Female,19.184.93.144,19410,Malaysia
493,Shanon,Orrow,sorrowdo@skyrock.com,Female,127.177.180.255,5358,China
494,Dasie,Thecham,dthechamdp@reverbnation.com,Female,250.242.113.115,15176,Libya
495,Trudy,Zealander,tzealanderdq@engadget.com,Female,91.127.197.158,14594,China
496,Nancee,Weekly,nweeklydr@pcworld.com,Female,153.241.101.93,19439,Peru
497,Bambi,Santus,bsantusds@cdc.gov,Female,35.92.136.247,19046,Philippines
498,Randall,Pickworth,rpickworthdt@apple.com,Male,210.14.160.217,7517,Indonesia
499,Tristan,Landeg,tlandegdu@bandcamp.com,Male,95.239.174.181,17403,China
500,Jourdan,Kohter,jkohterdv@addtoany.com,Female,101.167.165.21,3334,Indonesia
501,Warden,Edgars,wedgarsdw@hugedomains.com,Male,104.192.216.15,4560,Brazil
502,Chrisse,Bache,cbachedx@qq.com,Male,255.6.146.27,17820,China
503,Brander,Whenman,bwhenmandy@umich.edu,Male,1.180.110.191,19425,Botswana
504,Aurea,Whitwam,awhitwamdz@google.fr,Female,19.94.52.238,9619,Indonesia
505,Konstantine,Stones,kstonese0@qq.com,Male,26.190.255.145,3593,Vietnam
506,Bree,Broggini,bbrogginie1@seattletimes.com,Female,128.177.91.108,16322,Philippines
507,Ethan,Yarmouth,eyarmouthe2@about.com,Male,247.141.144.162,12090,Peru
508,Jordain,Tetlow,jtetlowe3@php.net,Female,85.19.22.80,9963,Netherlands
509,Gates,Littlecote,glittlecotee4@sphinn.com,Female,27.50.113.7,6756,China
510,Flynn,Woolis,fwoolise5@youtu.be,Male,52.203.61.162,18618,Poland
511,Grantham,Niece,gniecee6@webnode.com,Male,106.145.191.29,14847,Poland
512,Libbi,Agus,laguse7@unicef.org,Female,64.77.16.198,4578,Thailand
513,Pietra,Pien,ppiene8@clickbank.net,Female,28.57.11.20,9017,Latvia
514,Ludovika,Fiddyment,lfiddymente9@over-blog.com,Polygender,198.137.23.251,16258,Tanzania
515,Donal,Wadhams,dwadhamsea@cdc.gov,Male,121.115.69.71,15883,Pakistan
516,Hazel,Gothard,hgothardeb@ucsd.edu,Male,173.87.72.39,5047,China
517,Larina,Rentoul,lrentoulec@jiathis.com,Genderfluid,104.189.217.138,11436,Russia
518,Rafaellle,Sympson,rsympsoned@people.com.cn,Male,77.59.156.26,11686,Brazil
519,Merci,Bear,mbearee@nyu.edu,Female,237.48.252.165,14311,China
520,Major,Duffan,mduffanef@dion.ne.jp,Male,96.232.14.243,14028,Brazil
521,Billy,Glennie,bglennieeg@clickbank.net,Female,218.146.55.122,18620,Philippines
522,Derrick,Shemelt,dshemelteh@usa.gov,Male,196.196.241.69,16709,Malta
523,Freemon,Rivel,frivelei@jugem.jp,Genderqueer,121.155.96.119,10076,China
524,Codi,McConnel,cmcconnelej@reuters.com,Male,100.228.130.139,5011,Ireland
525,Dion,Lemmers,dlemmersek@hibu.com,Male,132.196.148.128,12940,Indonesia
526,Linzy,Daunay,ldaunayel@parallels.com,Female,3.177.38.168,15620,Lebanon
527,Fonz,Lenton,flentonem@google.fr,Male,170.188.56.149,19135,China
528,Ernesta,Mcall,emcallen@oakley.com,Female,23.141.133.78,19679,China
529,Efrem,Haborn,ehaborneo@cnbc.com,Male,110.82.200.107,4664,China
530,Corilla,McNeish,cmcneishep@free.fr,Female,83.167.154.122,3980,Sweden
531,Jaquith,Loomis,jloomiseq@msn.com,Female,134.163.42.179,8540,Brazil
532,Lockwood,Corkan,lcorkaner@mtv.com,Male,58.16.231.168,17219,Portugal
533,Boote,Dessent,bdessentes@wikipedia.org,Male,135.78.190.215,5137,Indonesia
534,Hilary,Krystek,hkrysteket@homestead.com,Female,117.201.91.1,3542,South Africa
535,Elia,Race,eraceeu@multiply.com,Male,98.196.182.137,14082,Portugal
536,Leann,Emery,lemeryev@go.com,Female,139.13.221.127,6878,Russia
537,Elianora,Merrigan,emerriganew@archive.org,Female,232.240.29.226,5002,New Caledonia
538,Milo,Flament,mflamentex@ucsd.edu,Male,29.210.165.147,11313,Madagascar
539,Bradley,Van Der Straaten,bvanderstraateney@mail.ru,Male,185.156.160.188,6194,Greece
540,Carrie,Carden,ccardenez@fastcompany.com,Female,104.232.46.49,10669,Sint Maarten
541,Bob,Swinerd,bswinerdf0@zdnet.com,Male,121.55.157.90,13944,Kazakhstan
542,Cesar,Langlois,clangloisf1@unesco.org,Male,194.139.93.13,16837,Indonesia
543,Cosette,Brakewell,cbrakewellf2@simplemachines.org,Female,39.24.124.114,3121,Peru
544,Anson,Howarth,ahowarthf3@sphinn.com,Male,186.204.125.207,16537,China
545,Barthel,Ridel,bridelf4@networkadvertising.org,Male,237.202.36.244,16619,Sweden
546,Erroll,McCurtain,emccurtainf5@is.gd,Male,234.62.126.67,19461,Indonesia
547,Marchelle,Reary,mrearyf6@washington.edu,Female,85.109.237.90,12355,Indonesia
548,Priscella,Jurca,pjurcaf7@mapy.cz,Agender,144.94.23.90,11506,Mexico
549,Beryle,Gisburne,bgisburnef8@huffingtonpost.com,Bigender,128.5.55.88,17755,Indonesia
550,Bondie,Eates,beatesf9@miibeian.gov.cn,Male,97.77.117.171,15571,Cuba
551,Gannon,Cookley,gcookleyfa@odnoklassniki.ru,Male,221.145.57.13,5031,Poland
552,Currey,Giovanni,cgiovannifb@yahoo.com,Genderqueer,154.3.118.240,17555,Czech Republic
553,Etheline,Balding,ebaldingfc@huffingtonpost.com,Female,226.6.131.25,5400,Japan
554,Rhonda,Stiebler,rstieblerfd@webmd.com,Female,2.217.147.227,12266,Paraguay
555,Penelopa,Arnaut,parnautfe@disqus.com,Female,58.11.159.108,16429,Russia
556,Birch,Fidell,bfidellff@issuu.com,Male,0.223.170.219,6651,Republic of the Congo
557,Reed,Roofe,rroofefg@ucsd.edu,Male,179.12.30.27,16201,China
558,Merrily,McCreagh,mmccreaghfh@unesco.org,Bigender,71.87.50.121,5209,China
559,Micheil,Bolderoe,mbolderoefi@dyndns.org,Male,72.9.90.50,19298,Finland
560,Jean,Saunper,jsaunperfj@altervista.org,Female,190.130.78.176,5999,Indonesia
561,Nap,Wakefield,nwakefieldfk@prnewswire.com,Male,10.86.247.99,5047,Czech Republic
562,Tricia,Fantonetti,tfantonettifl@vistaprint.com,Female,200.246.177.170,8027,Peru
563,Jarred,Betteriss,jbetterissfm@dailymail.co.uk,Male,34.159.186.235,10887,Poland
564,Jesus,Gorling,jgorlingfn@goo.gl,Male,137.27.230.30,11032,Indonesia
565,Kiersten,Kubiczek,kkubiczekfo@hao123.com,Female,53.105.51.119,18609,Ukraine
566,Free,Beswell,fbeswellfp@slideshare.net,Male,79.99.82.98,19520,Indonesia
567,Rudiger,Parfrey,rparfreyfq@aboutads.info,Male,205.73.180.158,4540,Venezuela
568,Chicky,Crepel,ccrepelfr@g.co,Male,55.153.226.242,18427,China
569,Maynard,Thom,mthomfs@thetimes.co.uk,Male,153.55.155.164,10928,China
570,Giacopo,Lancaster,glancasterft@youtu.be,Male,19.82.50.111,15199,China
571,Brose,MacIlurick,bmacilurickfu@reverbnation.com,Male,146.95.131.149,4038,Peru
572,Murdock,O'Cannon,mocannonfv@imageshack.us,Agender,6.224.84.218,4649,Indonesia
573,Penny,Mc Caughen,pmccaughenfw@youtube.com,Male,86.196.240.24,11388,China
574,Antoinette,Kiln,akilnfx@biglobe.ne.jp,Female,28.110.160.106,5713,China
575,Lesley,Jakolevitch,ljakolevitchfy@buzzfeed.com,Female,67.98.97.76,6860,China
576,Guss,Leabeater,gleabeaterfz@archive.org,Male,195.248.176.64,8941,China
577,Velma,Bodimeade,vbodimeadeg0@cam.ac.uk,Female,168.243.185.55,13489,Croatia
578,Aleda,Hudspeth,ahudspethg1@bing.com,Female,105.183.44.102,5418,Brazil
579,Carmon,Audrey,caudreyg2@technorati.com,Female,35.252.113.53,8230,Belarus
580,Sherline,Pockett,spockettg3@de.vu,Female,145.23.142.194,9052,Philippines
581,Dannie,Yeend,dyeendg4@hud.gov,Male,201.196.180.134,17984,Brazil
582,Brooke,Kedwell,bkedwellg5@icio.us,Male,55.40.159.73,4075,Venezuela
583,Sharl,Reding,sredingg6@w3.org,Female,243.113.167.52,15082,Indonesia
584,Effie,Dykas,edykasg7@pagesperso-orange.fr,Female,53.75.94.160,19270,Hungary
585,Craggy,Ferrie,cferrieg8@google.com,Male,211.32.72.191,14022,Ethiopia
586,Salmon,Mulran,smulrang9@seattletimes.com,Male,107.146.178.123,10013,Philippines
587,Dulcia,Rudderham,drudderhamga@goodreads.com,Female,135.41.253.110,12477,Croatia
588,Ramona,Hickenbottom,rhickenbottomgb@woothemes.com,Female,199.181.129.157,19522,Colombia
589,Kiah,Luthwood,kluthwoodgc@google.pl,Female,188.236.139.186,9995,Russia
590,Adrianna,Sissot,asissotgd@paginegialle.it,Polygender,14.131.201.2,9265,China
591,Bianca,Colbron,bcolbronge@unblog.fr,Female,154.177.173.246,13884,Mongolia
592,Calla,Durrant,cdurrantgf@topsy.com,Female,49.15.130.233,9491,Vanuatu
593,Siouxie,Ludlamme,sludlammegg@over-blog.com,Female,65.16.41.243,3047,France
594,Eduardo,Beeze,ebeezegh@rediff.com,Male,203.108.56.123,6731,China
595,Cecil,Maypes,cmaypesgi@ca.gov,Male,31.83.35.232,19772,Poland
596,Barbey,Kesey,bkeseygj@discuz.net,Female,25.177.97.11,11945,Canada
597,Charmion,Smelley,csmelleygk@ifeng.com,Female,39.220.192.146,8124,China
598,Bambi,Jertz,bjertzgl@ted.com,Female,20.195.50.167,17906,China
599,Claudina,Millgate,cmillgategm@cafepress.com,Female,64.86.85.196,11473,Poland
600,Sigismund,Witty,swittygn@arizona.edu,Bigender,168.67.113.112,8291,Philippines
601,Reube,Costellow,rcostellowgo@amazonaws.com,Male,26.91.19.16,6890,China
602,Obadiah,Chasney,ochasneygp@scribd.com,Non-binary,213.151.57.103,4573,China
603,Danielle,Abbs,dabbsgq@mayoclinic.com,Female,113.5.219.184,19647,New Caledonia
604,Abbie,Benion,abeniongr@yahoo.com,Genderqueer,69.194.55.12,3945,Philippines
605,Andria,Wigfall,awigfallgs@meetup.com,Female,136.4.82.188,5691,Estonia
606,Kevan,Rigeby,krigebygt@columbia.edu,Male,174.218.248.104,12938,Japan
607,Diann,Mitkin,dmitkingu@dailymotion.com,Female,44.255.243.55,19518,Greece
608,Helen-elizabeth,Ponting,hpontinggv@theguardian.com,Female,120.50.135.91,12356,Albania
609,Ettie,Armsby,earmsbygw@baidu.com,Female,42.124.185.74,15893,China
610,Tasha,Fawlkes,tfawlkesgx@reverbnation.com,Polygender,19.133.100.177,6716,Russia
611,Sergeant,Bartol,sbartolgy@about.me,Male,128.232.43.142,12445,China
612,Steffie,Wittering,switteringgz@wired.com,Female,107.181.108.130,12806,Czech Republic
613,Georgeta,Diboll,gdibollh0@techcrunch.com,Female,125.229.203.240,14833,China
614,Camellia,Prestland,cprestlandh1@parallels.com,Female,163.222.182.15,13716,Philippines
615,Will,Bundey,wbundeyh2@senate.gov,Genderqueer,169.201.172.61,17961,Pakistan
616,Dallon,Telford,dtelfordh3@virginia.edu,Male,93.155.14.226,12180,Dominican Republic
617,Juliet,Rickhuss,jrickhussh4@t-online.de,Female,239.148.182.172,11115,Croatia
618,Ambrosi,Cisneros,acisnerosh5@blogger.com,Male,202.15.186.74,9692,Philippines
619,Desmond,Lancastle,dlancastleh6@clickbank.net,Male,255.125.137.141,16088,Mongolia
620,Wiley,Pickton,wpicktonh7@homestead.com,Male,89.145.35.255,6296,Vietnam
621,Tremaine,Balazin,tbalazinh8@merriam-webster.com,Male,78.20.177.141,17244,Tajikistan
622,Buffy,Belleny,bbellenyh9@github.com,Female,59.136.203.46,19031,Indonesia
623,Edwin,Pinner,epinnerha@desdev.cn,Male,187.207.49.189,8763,Philippines
624,Shea,De La Hay,sdelahayhb@loc.gov,Male,219.245.65.144,10572,Ivory Coast
625,Ermina,Fassbender,efassbenderhc@si.edu,Female,8.138.239.231,14662,Serbia
626,Joletta,Shepherdson,jshepherdsonhd@mac.com,Female,109.98.99.214,17474,Greece
627,Tobit,MacCartair,tmaccartairhe@google.ca,Male,201.252.142.112,18024,Philippines
628,Fedora,Punshon,fpunshonhf@sciencedaily.com,Female,111.209.29.208,6748,China
629,Bendick,Gever,bgeverhg@google.ca,Male,1.228.181.4,12598,Venezuela
630,Che,Sancto,csanctohh@youtube.com,Male,7.33.20.45,17986,Cyprus
631,Gerard,Belk,gbelkhi@wix.com,Male,22.108.105.188,5765,Czech Republic
632,Teddi,Kuhnert,tkuhnerthj@fotki.com,Female,249.104.0.125,4206,Cuba
633,Irita,Gabel,igabelhk@digg.com,Female,117.33.8.44,11676,United States
634,Cassi,Sheahan,csheahanhl@bravesites.com,Female,228.248.223.85,10415,Portugal
635,Kimble,Haselwood,khaselwoodhm@behance.net,Male,139.8.33.139,14125,Philippines
636,Darn,Shallcroff,dshallcroffhn@nps.gov,Male,163.85.149.156,7525,Ukraine
637,Say,Lampet,slampetho@parallels.com,Male,100.51.166.132,8833,Bangladesh
638,Bel,Trehearn,btrehearnhp@google.de,Female,77.227.107.160,17554,Indonesia
639,Brok,Matusov,bmatusovhq@sakura.ne.jp,Male,237.235.94.229,3180,China
640,Lexy,Prinnett,lprinnetthr@berkeley.edu,Female,124.77.126.33,15632,Portugal
641,Ronnie,McKenna,rmckennahs@elpais.com,Genderqueer,87.81.21.185,12372,Philippines
642,Charlotte,Whittick,cwhittickht@reverbnation.com,Female,59.50.85.245,13033,China
643,Arty,Kestle,akestlehu@ebay.co.uk,Male,246.150.104.8,19401,China
644,Mikol,Wetherby,mwetherbyhv@wix.com,Male,183.169.65.129,6454,Colombia
645,Trish,Aveson,tavesonhw@geocities.com,Female,78.215.1.82,7798,China
646,Brittaney,Pierse,bpiersehx@flickr.com,Female,97.174.198.178,12301,Sri Lanka
647,Cory,Elvish,celvishhy@dmoz.org,Female,81.94.30.200,4272,Portugal
648,Isaak,Saffin,isaffinhz@toplist.cz,Male,38.61.60.187,11266,Czech Republic
649,Deonne,Keasey,dkeaseyi0@163.com,Female,81.43.15.211,4834,France
650,Alessandro,Leishman,aleishmani1@slashdot.org,Male,66.74.30.235,17680,Russia
651,Sutherlan,Mooreed,smooreedi2@privacy.gov.au,Male,188.47.234.191,5635,France
652,Allix,Iannini,aianninii3@state.tx.us,Female,249.154.239.182,18765,Paraguay
653,Gil,McClory,gmccloryi4@booking.com,Male,230.221.234.100,16862,China
654,Alvan,Arderne,aardernei5@patch.com,Male,8.199.149.202,16672,China
655,Nolly,Cutford,ncutfordi6@hexun.com,Male,80.130.170.12,19562,Bolivia
656,Thatch,Thake,tthakei7@tuttocitta.it,Male,60.125.94.66,9297,Czech Republic
657,Ganny,Gladwish,ggladwishi8@europa.eu,Male,166.221.17.170,11052,China
658,Ellary,Harbert,eharberti9@loc.gov,Male,108.212.195.154,10981,Ukraine
659,Gisella,Simpson,gsimpsonia@theglobeandmail.com,Female,9.23.206.85,19942,Indonesia
660,Lilith,Sysland,lsyslandib@yolasite.com,Female,23.127.42.124,16842,Namibia
661,Sim,Jendrach,sjendrachic@loc.gov,Male,60.44.47.220,8139,Czech Republic
662,Sheelagh,Booy,sbooyid@live.com,Female,71.222.84.71,13732,Thailand
663,Rudiger,Brennand,rbrennandie@nature.com,Male,150.255.114.11,15455,Sweden
664,Ambrosius,Keelin,akeelinif@hud.gov,Male,86.4.107.25,8674,Indonesia
665,Lauree,Ianizzi,lianizziig@alibaba.com,Female,10.97.247.114,7498,Indonesia
666,Kora,Scimonelli,kscimonelliih@sitemeter.com,Female,192.107.121.15,16672,Slovenia
667,Kristoforo,Stuttard,kstuttardii@jalbum.net,Male,6.202.203.147,16100,South Africa
668,Titos,Kurt,tkurtij@soup.io,Male,73.10.165.165,18660,Morocco
669,Bill,Cowin,bcowinik@sfgate.com,Male,118.162.92.132,5242,Bulgaria
670,Agata,Black,ablackil@foxnews.com,Female,63.13.53.25,4180,Russia
671,Ivonne,Gregoletti,igregolettiim@china.com.cn,Female,91.29.9.3,12976,France
672,Myrwyn,Cuss,mcussin@nationalgeographic.com,Male,25.191.141.30,13608,Finland
673,Shayne,Biskupski,sbiskupskiio@utexas.edu,Male,56.113.89.169,17050,China
674,Correy,Sowray,csowrayip@skype.com,Female,191.251.148.249,13242,Ukraine
675,Oralee,Renault,orenaultiq@ow.ly,Female,228.148.136.144,6179,Madagascar
676,Lela,McCorkell,lmccorkellir@ezinearticles.com,Female,144.193.215.139,19503,Kenya
677,Bord,Balden,bbaldenis@bbb.org,Male,20.81.124.125,18424,Indonesia
678,Devland,Kennelly,dkennellyit@slashdot.org,Male,202.174.217.253,4866,Hungary
679,Bobette,Boath,bboathiu@goodreads.com,Female,94.3.25.161,7136,Philippines
680,Jim,Deerness,jdeernessiv@google.de,Male,204.142.199.51,18699,Indonesia
681,Koral,Penn,kpenniw@issuu.com,Female,36.8.140.54,6073,Indonesia
682,Pearce,Winward,pwinwardix@reverbnation.com,Male,98.170.49.104,13267,Peru
683,Ware,Chestney,wchestneyiy@huffingtonpost.com,Male,250.218.201.26,7743,Venezuela
684,Olia,Dutton,oduttoniz@google.ca,Female,97.233.127.25,16933,Azerbaijan
685,Dionysus,Gillani,dgillanij0@xing.com,Male,5.21.54.41,16902,Spain
686,Elianore,Elson,eelsonj1@privacy.gov.au,Female,110.247.82.98,16678,Argentina
687,Silvio,Taffs,staffsj2@naver.com,Male,228.200.20.170,11985,China
688,Kevon,Neller,knellerj3@noaa.gov,Male,49.149.57.249,9151,China
689,Dicky,Darrow,ddarrowj4@hao123.com,Male,8.162.227.180,14684,China
690,William,Audrey,waudreyj5@hhs.gov,Male,37.140.125.239,14838,Ukraine
691,Elliot,Facchini,efacchinij6@google.com,Male,118.144.252.99,19787,Central African Republic
692,Rebekah,Duding,rdudingj7@cbsnews.com,Female,107.121.142.85,14139,Brazil
693,Theresina,Spivey,tspiveyj8@fda.gov,Female,47.240.187.228,16095,China
694,Hadlee,Westerman,hwestermanj9@thetimes.co.uk,Male,130.110.37.129,9577,Japan
695,Pedro,Ballinger,pballingerja@php.net,Male,207.177.104.179,3297,Russia
696,Allis,Warton,awartonjb@illinois.edu,Female,149.138.242.104,18627,Philippines
697,Xever,Stetson,xstetsonjc@bloglines.com,Male,241.163.65.58,18999,Indonesia
698,Judie,Drakard,jdrakardjd@facebook.com,Female,22.93.55.131,19559,Philippines
699,Moises,Camoletto,mcamolettoje@tiny.cc,Male,11.212.195.202,15409,Brazil
700,Rikki,Christopher,rchristopherjf@acquirethisname.com,Female,133.193.43.173,19269,Serbia
701,Fiann,Crickmer,fcrickmerjg@sfgate.com,Female,96.76.226.100,16018,Malaysia
702,Wilton,Wellsman,wwellsmanjh@lycos.com,Male,19.198.164.138,6807,Botswana
703,Erhart,Tolumello,etolumelloji@tamu.edu,Male,182.29.88.235,10265,Russia
704,Ogden,Cleever,ocleeverjj@unblog.fr,Male,195.30.27.140,8389,Indonesia
705,Wyndham,Selvey,wselveyjk@hexun.com,Male,128.26.135.167,16033,Philippines
706,Conny,Ipsley,cipsleyjl@epa.gov,Male,131.89.205.183,10770,Brazil
707,Glynn,Hansford,ghansfordjm@jimdo.com,Bigender,6.165.200.50,4088,Poland
708,Fairfax,De Bruijn,fdebruijnjn@sourceforge.net,Male,245.63.102.131,3502,Vietnam
709,Rickie,Oddie,roddiejo@sourceforge.net,Male,14.18.51.203,6896,Uruguay
710,Izaak,Melby,imelbyjp@wsj.com,Male,152.6.71.221,19754,Tanzania
711,Jesus,Staden,jstadenjq@istockphoto.com,Male,133.66.182.5,17727,Indonesia
712,Ancell,Linnit,alinnitjr@fda.gov,Male,161.164.35.211,17342,Indonesia
713,Pepillo,Sephton,psephtonjs@tuttocitta.it,Male,149.179.75.163,15362,Honduras
714,Damien,Tuohy,dtuohyjt@google.co.jp,Agender,232.9.226.128,4342,Portugal
715,Felic,Dennett,fdennettju@newsvine.com,Male,93.201.196.60,17021,Indonesia
716,Charley,Kalderon,ckalderonjv@weather.com,Male,98.233.157.212,15331,Indonesia
717,Merridie,Giblin,mgiblinjw@alibaba.com,Female,228.246.210.253,3553,Haiti
718,Konstance,Manoch,kmanochjx@prlog.org,Female,85.171.34.223,11935,Brazil
719,Georgie,Eccleshare,gecclesharejy@japanpost.jp,Female,100.244.124.235,9688,Japan
720,Ellery,Pittle,epittlejz@sourceforge.net,Male,38.149.149.156,18087,Tajikistan
721,Arvie,Vedekhin,avedekhink0@jigsy.com,Male,189.179.93.216,12538,Australia
722,Lilli,Warton,lwartonk1@oakley.com,Female,245.64.230.157,14365,Indonesia
723,Angela,Carney,acarneyk2@walmart.com,Female,101.188.135.183,13029,Azerbaijan
724,Sabina,Novill,snovillk3@tripadvisor.com,Female,65.71.138.175,13575,Afghanistan
725,Rocky,Colquit,rcolquitk4@reuters.com,Male,216.27.11.211,13188,Indonesia
726,Alfreda,Coryndon,acoryndonk5@vkontakte.ru,Bigender,78.164.55.80,5653,Brazil
727,Tanner,Ronisch,tronischk6@techcrunch.com,Male,100.119.91.103,7329,China
728,Gianna,Earle,gearlek7@sina.com.cn,Female,30.127.194.20,13525,China
729,Leta,Matteoli,lmatteolik8@microsoft.com,Agender,247.109.4.138,11536,China
730,Elise,Mawer,emawerk9@wikimedia.org,Female,128.44.1.114,10864,Dominican Republic
731,Mahmud,Bineham,mbinehamka@ucsd.edu,Male,112.146.165.52,13769,China
732,Andeee,Hadeke,ahadekekb@state.gov,Female,79.221.195.9,3978,China
733,Zebadiah,Leek,zleekkc@gov.uk,Male,108.146.65.247,6386,Philippines
734,Henryetta,Smittoune,hsmittounekd@abc.net.au,Female,74.248.253.65,12071,China
735,Moritz,Bautiste,mbautisteke@apache.org,Male,215.52.138.226,18146,France
736,Magnum,Odhams,modhamskf@diigo.com,Male,53.121.254.141,3102,Portugal
737,Tully,Davidman,tdavidmankg@typepad.com,Male,206.228.106.110,19201,Poland
738,Kata,Attersoll,kattersollkh@slideshare.net,Bigender,100.38.212.63,5346,Nepal
739,Amalea,Purrier,apurrierki@rakuten.co.jp,Female,217.13.163.139,8737,Ukraine
740,Palmer,Lewinton,plewintonkj@kickstarter.com,Male,112.243.93.117,11004,Philippines
741,Valdemar,Blackstone,vblackstonekk@fastcompany.com,Male,139.201.155.63,7225,North Korea
742,Lolita,Maystone,lmaystonekl@flavors.me,Polygender,183.203.100.166,4508,Serbia
743,Edeline,Baptiste,ebaptistekm@newsvine.com,Female,116.25.51.228,5194,China
744,Hilly,Sugar,hsugarkn@addtoany.com,Male,230.186.184.166,6117,New Zealand
745,Estrella,Stocking,estockingko@kickstarter.com,Female,129.254.119.59,11577,United States
746,Stanwood,Fidgin,sfidginkp@newsvine.com,Male,178.113.206.247,14954,Russia
747,Eliot,Skarman,eskarmankq@loc.gov,Male,238.251.3.228,19729,Indonesia
748,Abramo,Tallyn,atallynkr@skype.com,Male,228.184.67.149,4662,Zimbabwe
749,Abagael,Reeken,areekenks@pinterest.com,Female,188.246.165.48,17623,Poland
750,Ardith,Moodycliffe,amoodycliffekt@wikipedia.org,Female,222.67.254.17,8902,China
751,Ricky,Bortolotti,rbortolottiku@scientificamerican.com,Female,19.223.51.89,3612,Belarus
752,Kandy,Pollock,kpollockkv@businessinsider.com,Female,161.14.80.57,3286,Russia
753,Ware,Jedrzejewicz,wjedrzejewiczkw@vk.com,Genderfluid,2.249.246.111,6820,Angola
754,Helen,Gavrieli,hgavrielikx@indiatimes.com,Female,106.124.69.220,12800,Burkina Faso
755,Xena,Garnsworthy,xgarnsworthyky@acquirethisname.com,Female,193.50.138.41,11099,Indonesia
756,Morly,Armsden,marmsdenkz@sakura.ne.jp,Male,193.26.195.147,16342,Egypt
757,Prue,Gookey,pgookeyl0@domainmarket.com,Female,23.100.219.49,10264,Indonesia
758,Yanaton,Leupold,yleupoldl1@vistaprint.com,Male,139.208.69.117,7267,Uruguay
759,Northrop,Manchester,nmanchesterl2@lycos.com,Male,128.180.3.108,19786,Bosnia and Herzegovina
760,Britt,MacArd,bmacardl3@icio.us,Female,207.124.119.164,15564,Russia
761,Datha,Mutch,dmutchl4@twitter.com,Female,47.228.75.181,3119,Argentina
762,Roderigo,Cherrie,rcherriel5@vistaprint.com,Agender,120.164.253.247,17930,Philippines
763,Simone,Rebichon,srebichonl6@ifeng.com,Female,225.161.49.141,13697,Portugal
764,Florella,Glassopp,fglassoppl7@cafepress.com,Female,79.101.192.234,17736,Indonesia
765,Coraline,Yezafovich,cyezafovichl8@moonfruit.com,Female,185.212.3.156,5721,Azerbaijan
766,Elfie,Bigham,ebighaml9@storify.com,Female,71.17.76.180,12589,China
767,Dinny,Ormston,dormstonla@buzzfeed.com,Female,68.195.227.43,14566,Portugal
768,Catharina,Slimings,cslimingslb@creativecommons.org,Genderfluid,34.71.50.209,10640,Philippines
769,Gabie,Fluin,gfluinlc@google.pl,Male,178.217.41.8,15315,China
770,Irina,Soff,isoffld@yelp.com,Female,59.99.185.112,6434,Russia
771,Ediva,Whiteley,ewhiteleyle@google.com.br,Female,188.138.31.6,19682,Malaysia
772,Merci,Zorer,mzorerlf@washingtonpost.com,Female,37.239.81.68,10245,Austria
773,Dyann,Mancktelow,dmancktelowlg@wikia.com,Female,159.112.195.79,6553,Russia
774,Catrina,Ortas,cortaslh@sina.com.cn,Female,170.52.237.194,12972,China
775,Erin,Brewood,ebrewoodli@chron.com,Male,48.209.206.235,18744,Ukraine
776,Fayre,Congrave,fcongravelj@ihg.com,Female,123.248.136.217,18685,Russia
777,Rachael,Damerell,rdamerelllk@amazon.de,Female,125.186.26.39,4694,Indonesia
778,Linnie,Rutt,lruttll@admin.ch,Female,128.0.121.97,11760,Ireland
779,Nichol,Tweede,ntweedelm@dropbox.com,Polygender,122.8.209.191,12263,New Zealand
780,Dave,Lukas,dlukasln@howstuffworks.com,Male,116.8.165.40,19986,Ukraine
781,Quent,Ruos,qruoslo@bloglovin.com,Male,153.210.12.248,5749,China
782,Olin,Fort,ofortlp@wix.com,Male,75.233.23.254,9778,Jersey
783,Olwen,Vaneev,ovaneevlq@kickstarter.com,Female,214.22.56.164,12906,Peru
784,Daphene,Berrisford,dberrisfordlr@admin.ch,Female,5.70.3.201,8726,China
785,Atalanta,Isacq,aisacqls@sina.com.cn,Female,9.123.0.238,16402,China
786,Eleni,Oswell,eoswelllt@1und1.de,Female,212.34.142.52,18098,Ukraine
787,Celisse,Ferrario,cferrariolu@wufoo.com,Female,153.3.168.46,9521,Sweden
788,Townie,Flahy,tflahylv@artisteer.com,Male,152.29.222.183,10147,Mexico
789,Artemas,Keinrat,akeinratlw@google.com.au,Male,78.6.6.22,3213,China
790,Ianthe,Narbett,inarbettlx@mashable.com,Female,140.240.226.104,10778,Philippines
791,Saw,Legrice,slegricely@ox.ac.uk,Male,38.242.2.39,8316,China
792,Olia,Simnel,osimnellz@smh.com.au,Bigender,107.161.0.243,4640,Belarus
793,Phineas,Kobu,pkobum0@dropbox.com,Male,163.93.208.126,13462,Russia
794,Ber,Lehmann,blehmannm1@csmonitor.com,Male,224.69.159.219,16964,Philippines
795,Charlie,Livock,clivockm2@go.com,Male,22.143.178.228,5352,United States
796,Sampson,MacKessock,smackessockm3@w3.org,Male,43.130.24.78,19295,Indonesia
797,Fritz,Boydell,fboydellm4@earthlink.net,Male,15.58.70.74,19804,China
798,Kenton,Troman,ktromanm5@xinhuanet.com,Male,220.173.11.95,9671,Nigeria
799,Christopher,Broader,cbroaderm6@rambler.ru,Male,109.105.89.103,10031,Poland
800,Brande,Gotthard.sf,bgotthardsfm7@ox.ac.uk,Female,119.91.78.50,14425,Guatemala
801,Bertie,Maydway,bmaydwaym8@gov.uk,Female,192.63.136.24,17012,Armenia
802,Edithe,Franklen,efranklenm9@ifeng.com,Female,200.161.136.253,19499,China
803,Nikki,Stapleford,nstaplefordma@infoseek.co.jp,Non-binary,178.131.179.245,6990,Brazil
804,Tracee,Danielczyk,tdanielczykmb@github.io,Female,164.154.94.140,17500,Poland
805,Devland,Waterson,dwatersonmc@google.de,Male,189.65.184.244,16230,Sweden
806,Dilan,Offa,doffamd@geocities.jp,Male,206.133.79.184,17113,Albania
807,Moises,McBeth,mmcbethme@360.cn,Male,230.75.255.246,19373,Norway
808,Joey,Richardt,jrichardtmf@livejournal.com,Male,194.108.78.197,18625,Kazakhstan
809,Olenka,Bebb,obebbmg@merriam-webster.com,Female,120.236.242.69,8616,France
810,Elsinore,Dwyer,edwyermh@360.cn,Agender,192.2.220.52,18605,Slovenia
811,Gaby,Giles,ggilesmi@stumbleupon.com,Male,223.201.150.96,4699,Indonesia
812,Culley,Ducker,cduckermj@360.cn,Male,43.245.136.228,5171,Philippines
813,Crissie,Bynold,cbynoldmk@pen.io,Female,7.160.242.119,19017,China
814,Vasily,Verissimo,vverissimoml@netlog.com,Male,237.15.38.252,10676,China
815,Lane,Overlow,loverlowmm@squidoo.com,Polygender,250.156.41.56,8799,Portugal
816,Alisa,Hugnet,ahugnetmn@skype.com,Female,200.128.145.14,17911,United States
817,Palm,Weale,pwealemo@ted.com,Male,104.249.127.158,16414,Portugal
818,Vern,Novakovic,vnovakovicmp@themeforest.net,Male,195.5.208.170,11360,Serbia
819,Waring,Badder,wbaddermq@hud.gov,Male,92.220.50.26,17683,Argentina
820,Amelie,Ragge,araggemr@tiny.cc,Female,220.135.5.145,7603,Azerbaijan
821,Anselma,Blondell,ablondellms@bizjournals.com,Female,61.50.212.151,16703,China
822,Leland,Tessyman,ltessymanmt@whitehouse.gov,Male,46.95.212.42,18017,China
823,Marillin,Maryet,mmaryetmu@microsoft.com,Female,125.175.105.220,8886,Russia
824,Uta,Aspinall,uaspinallmv@arizona.edu,Female,146.117.64.205,14281,Malaysia
825,Gilly,Blincoe,gblincoemw@answers.com,Female,149.95.111.70,10779,Yemen
826,Evie,Fernley,efernleymx@samsung.com,Female,36.194.235.76,13177,Sweden
827,Amelina,Spilstead,aspilsteadmy@hhs.gov,Female,24.170.4.164,18569,Sweden
828,Virgil,Kubacek,vkubacekmz@google.com,Male,245.202.254.153,6770,Honduras
829,Ferd,Sedgmond,fsedgmondn0@wiley.com,Male,255.35.91.237,3589,Indonesia
830,Roderich,Keary,rkearyn1@delicious.com,Male,181.174.238.58,4861,Sweden
831,Iolanthe,Casotti,icasottin2@cafepress.com,Female,231.190.105.110,17941,Portugal
832,Nollie,Edginton,nedgintonn3@earthlink.net,Female,32.159.210.41,4034,France
833,Cordie,Gonnin,cgonninn4@tuttocitta.it,Male,169.134.216.149,4143,Philippines
834,Elsworth,Easter,eeastern5@geocities.com,Male,41.21.65.42,4748,Portugal
835,Wernher,Fance,wfancen6@vkontakte.ru,Genderfluid,112.83.14.130,13916,China
836,Sawyere,Irlam,sirlamn7@unesco.org,Male,10.181.83.156,13323,China
837,Kennan,Hazeup,khazeupn8@nytimes.com,Male,117.26.41.76,3913,Russia
838,Darrelle,Halksworth,dhalksworthn9@techcrunch.com,Female,149.160.110.111,17022,Syria
839,Dorette,Titmarsh,dtitmarshna@nps.gov,Female,154.253.153.6,13477,Indonesia
840,Curry,Lennie,clennienb@desdev.cn,Male,21.219.52.189,17533,Paraguay
841,Eleanor,Mithan,emithannc@indiegogo.com,Female,114.33.203.181,19287,China
842,Klarika,Whitfeld,kwhitfeldnd@usnews.com,Female,90.134.137.73,3903,Indonesia
843,Hodge,Filisov,hfilisovne@pcworld.com,Male,46.2.59.159,16350,Russia
844,Kimberli,Dethloff,kdethloffnf@umn.edu,Female,168.188.192.131,18549,Gambia
845,Gare,Raisher,graisherng@sina.com.cn,Male,111.213.153.104,13628,Indonesia
846,Vally,Leworthy,vleworthynh@microsoft.com,Female,254.29.194.229,11224,Philippines
847,Dario,Cammish,dcammishni@jigsy.com,Male,33.19.65.2,19236,Philippines
848,Gray,Danilyuk,gdanilyuknj@cyberchimps.com,Female,186.232.245.154,15342,China
849,Berk,Annesley,bannesleynk@icq.com,Male,101.59.13.10,12742,Ukraine
850,L;urette,Dubble,ldubblenl@artisteer.com,Polygender,151.128.37.168,16208,Bangladesh
851,Prescott,Boughen,pboughennm@epa.gov,Male,26.19.239.69,10972,China
852,Yule,Mathias,ymathiasnn@trellian.com,Male,132.199.165.96,19100,Yemen
853,Ingemar,Edinborough,iedinboroughno@t-online.de,Male,145.136.37.105,4758,Japan
854,Margarette,Pfleger,mpflegernp@indiegogo.com,Female,76.208.142.179,18317,Brazil
855,Dimitri,Oherlihy,doherlihynq@feedburner.com,Male,96.145.134.254,10754,Philippines
856,Simon,Pinshon,spinshonnr@bbc.co.uk,Male,101.128.125.161,15045,Brazil
857,Carroll,Aland,calandns@nytimes.com,Female,61.175.127.77,11895,Vietnam
858,Wilhelmina,Gollin,wgollinnt@howstuffworks.com,Female,117.150.199.157,6587,South Korea
859,Damian,Howitt,dhowittnu@abc.net.au,Male,232.12.165.100,12546,El Salvador
860,Em,Caudell,ecaudellnv@phoca.cz,Male,39.89.122.248,9835,China
861,Sigfrid,Mangeney,smangeneynw@ebay.co.uk,Male,174.126.64.124,17034,Kyrgyzstan
862,Theda,Stiegers,tstiegersnx@blogspot.com,Female,73.29.74.39,7078,Thailand
863,Angelika,Lindell,alindellny@wsj.com,Female,48.84.192.236,16734,Sweden
864,Shermy,Pickerell,spickerellnz@topsy.com,Male,170.97.163.123,3566,Philippines
865,Hershel,Forkan,hforkano0@imdb.com,Male,69.27.37.146,6137,Thailand
866,Candi,Krikorian,ckrikoriano1@reuters.com,Genderqueer,252.107.215.78,13204,South Africa
867,Vi,Haighton,vhaightono2@smh.com.au,Non-binary,211.226.249.137,13955,Italy
868,Marleen,Scranny,mscrannyo3@yolasite.com,Female,233.181.37.62,18584,Indonesia
869,Nikaniki,Bench,nbencho4@businessinsider.com,Female,174.180.214.147,7766,China
870,Hanan,Chisman,hchismano5@php.net,Male,208.186.87.14,19545,China
871,Hank,Jeff,hjeffo6@ucsd.edu,Male,114.105.230.210,12390,Indonesia
872,Adrian,Somerled,asomerledo7@harvard.edu,Male,178.240.27.29,15934,Poland
873,Garth,Teodorski,gteodorskio8@phoca.cz,Non-binary,157.3.199.94,14144,Philippines
874,Spenser,McIleen,smcileeno9@japanpost.jp,Male,110.231.163.47,9253,Philippines
875,Stirling,Ervine,servineoa@trellian.com,Male,33.24.106.37,12973,Philippines
876,Mandy,Hovel,mhovelob@xinhuanet.com,Female,114.179.24.1,16164,Norway
877,Edwin,Reeson,ereesonoc@webeden.co.uk,Male,184.138.219.130,14507,China
878,Doy,Cashford,dcashfordod@arstechnica.com,Male,214.2.214.107,19917,New Caledonia
879,Christabella,MacAdie,cmacadieoe@timesonline.co.uk,Female,23.135.207.222,14627,Russia
880,Gretchen,Fenty,gfentyof@economist.com,Female,228.57.229.163,15487,Mauritania
881,Sharai,Drohan,sdrohanog@latimes.com,Female,58.194.110.57,17907,Albania
882,Weidar,Camacke,wcamackeoh@forbes.com,Male,83.128.124.169,4191,Mexico
883,Ronny,Parram,rparramoi@nsw.gov.au,Male,171.68.30.176,18963,Indonesia
884,Ramonda,Merkle,rmerkleoj@vistaprint.com,Female,169.213.47.60,13867,Indonesia
885,Leese,Cornwell,lcornwellok@tamu.edu,Female,172.224.75.138,17684,Philippines
886,Ottilie,Pladen,opladenol@digg.com,Female,141.169.116.92,14781,Vietnam
887,Carin,Petrillo,cpetrilloom@marketwatch.com,Female,147.177.127.112,3619,Faroe Islands
888,Amy,Lomas,alomason@devhub.com,Female,28.221.148.88,14457,United States
889,Cass,Harrigan,charriganoo@patch.com,Female,8.236.81.212,18692,Argentina
890,Aurel,Ashwell,aashwellop@cbc.ca,Female,108.173.33.16,5101,Indonesia
891,Kerk,Rowledge,krowledgeoq@state.tx.us,Male,62.249.110.71,11876,China
892,Rafaelia,Revington,rrevingtonor@msn.com,Female,150.111.110.130,8977,Sweden
893,Kessiah,Blacksland,kblackslandos@trellian.com,Female,129.181.13.73,13307,China
894,Hildagarde,Surguine,hsurguineot@pcworld.com,Female,99.204.37.125,19260,Tunisia
895,Rosalie,Munson,rmunsonou@ucsd.edu,Female,7.201.208.37,9851,Portugal
896,Ezri,Martignon,emartignonov@privacy.gov.au,Male,122.204.124.184,7231,Poland
897,Ardisj,Gilliam,agilliamow@unicef.org,Female,151.175.66.35,6618,Dominican Republic
898,Karl,Pitt,kpittox@blogger.com,Bigender,219.184.43.159,8786,Poland
899,Elwood,Dimitresco,edimitrescooy@zimbio.com,Male,100.219.92.33,10399,China
900,Bowie,Aire,baireoz@hostgator.com,Male,179.80.144.75,14501,Indonesia
901,Gram,Oswell,goswellp0@columbia.edu,Male,22.145.207.189,17727,China
902,Kirstyn,Scown,kscownp1@skype.com,Female,96.83.157.29,4741,South Africa
903,Johnathan,Fishe,jfishep2@netscape.com,Male,98.212.156.98,7023,Nepal
904,Vivie,Khomishin,vkhomishinp3@hatena.ne.jp,Female,152.60.87.137,11329,Japan
905,Tades,Copeman,tcopemanp4@mac.com,Male,76.159.127.31,15686,Madagascar
906,Cole,Gouge,cgougep5@photobucket.com,Agender,238.120.113.165,11097,Russia
907,Latrina,Petroselli,lpetrosellip6@whitehouse.gov,Female,4.165.126.78,19172,China
908,Clay,Gready,cgreadyp7@alexa.com,Bigender,243.218.205.104,9427,Sweden
909,Sharron,Shewan,sshewanp8@businessinsider.com,Female,209.54.36.106,12131,Czech Republic
910,Robby,Owttrim,rowttrimp9@deviantart.com,Male,85.164.193.191,5389,Jamaica
911,Jamaal,Guyonnet,jguyonnetpa@nyu.edu,Male,228.56.127.254,8207,China
912,Rafaela,Heaney`,rheaneypb@deliciousdays.com,Female,95.90.215.237,7065,Poland
913,Rockey,Mennithorp,rmennithorppc@shop-pro.jp,Male,15.221.195.14,13092,Myanmar
914,Dalli,Weightman,dweightmanpd@ox.ac.uk,Genderqueer,11.166.73.20,5235,China
915,Burr,Dodds,bdoddspe@state.gov,Male,104.246.94.42,15010,Bangladesh
916,Palmer,Bloschke,pbloschkepf@sina.com.cn,Male,98.75.93.252,10430,Ukraine
917,Jenda,Gebbie,jgebbiepg@apache.org,Female,126.161.21.18,9522,Ghana
918,Hedda,Skittle,hskittleph@ftc.gov,Female,193.49.99.232,17584,Greece
919,Beverie,Houselee,bhouseleepi@t-online.de,Female,35.105.251.226,5181,Greece
920,Tessa,Howerd,thowerdpj@virginia.edu,Female,73.49.170.81,17393,China
921,Edy,Mazzeo,emazzeopk@opera.com,Female,155.72.27.234,17694,France
922,Lutero,Marini,lmarinipl@whitehouse.gov,Non-binary,207.193.34.58,12094,France
923,Woodman,Simister,wsimisterpm@yelp.com,Male,124.130.235.188,16700,Portugal
924,Sauncho,Broseman,sbrosemanpn@ucla.edu,Male,53.238.181.69,18804,Bosnia and Herzegovina
925,Karlis,Aberchirder,kaberchirderpo@seesaa.net,Male,249.191.80.201,17115,Argentina
926,Clotilda,Verman,cvermanpp@wikipedia.org,Female,237.111.40.9,14588,China
927,Wyatt,Capell,wcapellpq@kickstarter.com,Male,10.250.97.85,14318,Brazil
928,Tremain,Jirasek,tjirasekpr@hc360.com,Male,215.92.207.69,6628,Serbia
929,Jazmin,Gozzard,jgozzardps@huffingtonpost.com,Female,3.205.127.215,3879,China
930,Jesse,Simons,jsimonspt@people.com.cn,Female,251.153.70.139,11618,China
931,Cort,Dowle,cdowlepu@nifty.com,Male,8.249.225.10,18440,China
932,Bordie,Knibbs,bknibbspv@ocn.ne.jp,Male,148.206.26.132,16761,Indonesia
933,Jada,Dent,jdentpw@wikispaces.com,Female,69.22.55.159,5693,Indonesia
934,Annabal,Pleuman,apleumanpx@ask.com,Agender,35.129.59.239,13302,Uruguay
935,Hirsch,Heindrich,hheindrichpy@baidu.com,Male,203.3.141.14,18389,China
936,Phil,Ciccotti,pciccottipz@gmpg.org,Male,110.132.16.191,4117,China
937,Calvin,Teenan,cteenanq0@amazon.co.jp,Male,53.44.126.46,13384,Serbia
938,Tova,Larroway,tlarrowayq1@qq.com,Female,104.117.204.14,15749,Thailand
939,Roma,Friar,rfriarq2@google.es,Agender,149.155.90.70,13506,Palestinian Territory
940,Laina,Manzell,lmanzellq3@deliciousdays.com,Female,245.88.238.232,3642,Philippines
941,Lodovico,Craster,lcrasterq4@smh.com.au,Male,32.138.28.173,12709,United States
942,Boyd,Jelphs,bjelphsq5@google.com,Male,82.49.31.232,11539,Thailand
943,Ogdan,Jobes,ojobesq6@pbs.org,Male,240.57.199.62,3793,Nepal
944,Petronia,McMeekin,pmcmeekinq7@si.edu,Female,116.214.84.104,7309,Ireland
945,Eustacia,Doblin,edoblinq8@buzzfeed.com,Female,87.203.202.163,10001,China
946,Staford,Penner,spennerq9@sun.com,Male,166.118.79.95,4911,Kuwait
947,Leigh,Woolcocks,lwoolcocksqa@cdc.gov,Non-binary,214.140.3.24,18232,China
948,Merrily,Prine,mprineqb@exblog.jp,Female,113.213.105.209,18724,Greece
949,Felice,Barock,fbarockqc@soup.io,Male,24.137.119.162,16706,United States
950,Cissiee,Firmin,cfirminqd@go.com,Non-binary,31.34.141.84,19006,Czech Republic
951,Cheslie,Inold,cinoldqe@netscape.com,Female,187.136.13.186,17159,Philippines
952,Englebert,Alejandri,ealejandriqf@blogtalkradio.com,Male,17.245.100.116,14502,China
953,Jake,Devers,jdeversqg@loc.gov,Male,60.23.217.206,8334,Czech Republic
954,Halie,Doonican,hdoonicanqh@creativecommons.org,Agender,52.232.149.56,15595,Portugal
955,Chiquita,Trembey,ctrembeyqi@cdc.gov,Female,88.78.236.27,14200,France
956,Merwyn,Postgate,mpostgateqj@bluehost.com,Male,18.63.190.211,8567,Malta
957,Devan,Nobriga,dnobrigaqk@baidu.com,Female,64.34.72.195,7624,United States
958,Jason,Mullins,jmullinsql@bing.com,Male,226.53.84.8,17112,Indonesia
959,Cayla,Forre,cforreqm@jigsy.com,Female,199.239.214.237,11390,Russia
960,Jazmin,Perone,jperoneqn@usatoday.com,Genderfluid,132.111.135.66,14444,Indonesia
961,Eulalie,Di Pietro,edipietroqo@webs.com,Female,110.14.51.13,14762,Thailand
962,Eustacia,Spadoni,espadoniqp@wufoo.com,Female,197.148.19.88,7511,Philippines
963,Bradford,Probets,bprobetsqq@oaic.gov.au,Male,192.235.192.6,8593,France
964,Sherrie,Cuchey,scucheyqr@edublogs.org,Female,60.120.43.22,5855,United States
965,Kip,Srutton,ksruttonqs@istockphoto.com,Female,64.63.61.242,7015,Nigeria
966,Gabbie,Twelvetrees,gtwelvetreesqt@chronoengine.com,Bigender,207.99.63.45,3234,China
967,Madelene,ffrench Beytagh,mffrenchbeytaghqu@blogs.com,Female,96.14.238.166,17868,Sweden
968,Todd,Hast,thastqv@plala.or.jp,Male,153.251.108.196,10551,Portugal
969,Curtis,Hofton,choftonqw@wordpress.com,Male,77.122.189.239,12297,Democratic Republic of the Congo
970,Pyotr,Mac Giany,pmacgianyqx@mediafire.com,Male,253.218.119.5,16994,Russia
971,Tannie,Bambridge,tbambridgeqy@europa.eu,Male,84.80.43.18,16023,Thailand
972,Teodor,Blackaller,tblackallerqz@youtu.be,Male,82.147.62.47,5444,China
973,Ardyce,Askam,aaskamr0@wikimedia.org,Agender,197.157.93.117,12846,Germany
974,Alick,Drewes,adrewesr1@stumbleupon.com,Male,100.223.253.114,18178,Philippines
975,Zebulon,Kingsley,zkingsleyr2@patch.com,Male,183.40.41.215,3187,Venezuela
976,Don,Riglesford,driglesfordr3@census.gov,Male,102.130.233.181,17342,Colombia
977,Nathalia,Jephson,njephsonr4@scientificamerican.com,Female,182.178.24.240,15336,China
978,Moselle,McQuilliam,mmcquilliamr5@economist.com,Female,194.211.186.143,11340,Portugal
979,Donnajean,Holdworth,dholdworthr6@ibm.com,Female,156.52.175.63,19385,Barbados
980,Tito,Bowfin,tbowfinr7@comsenz.com,Male,132.9.118.86,13631,Thailand
981,Laughton,Margaritelli,lmargaritellir8@webeden.co.uk,Male,112.55.82.116,10900,Colombia
982,Nert,Scudder,nscudderr9@123-reg.co.uk,Female,16.121.110.128,14061,Bulgaria
983,Annis,Demogeot,ademogeotra@devhub.com,Female,30.37.152.171,12676,Mexico
984,Shay,Caile,scailerb@51.la,Female,145.53.149.105,16119,Bangladesh
985,Theadora,Grob,tgrobrc@netvibes.com,Genderfluid,29.227.117.40,4873,Colombia
986,Thomasina,Bims,tbimsrd@mashable.com,Genderfluid,69.175.156.196,8147,China
987,Torin,McOwan,tmcowanre@latimes.com,Male,224.249.214.166,6785,Russia
988,Delphinia,Anthes,danthesrf@fda.gov,Female,39.52.53.40,13761,Sweden
989,Jimmy,Penelli,jpenellirg@tumblr.com,Male,77.80.238.127,17105,Philippines
990,Wolf,Blethin,wblethinrh@wikipedia.org,Male,176.9.18.100,8569,China
991,Edie,Bayly,ebaylyri@discuz.net,Female,27.216.159.4,19425,Japan
992,Jenny,Lathey,jlatheyrj@gov.uk,Female,157.4.180.40,13368,Mexico
993,Rhianna,Plewes,rplewesrk@prlog.org,Female,61.209.39.166,6237,China
994,Rosy,Keedwell,rkeedwellrl@washingtonpost.com,Female,124.221.202.24,19333,Philippines
995,Jess,Cursey,jcurseyrm@spiegel.de,Female,201.235.76.131,7772,New Zealand
996,Delmor,Over,doverrn@comcast.net,Male,231.112.196.168,15478,Croatia
997,Nathalia,Walkington,nwalkingtonro@businessinsider.com,Female,248.82.212.26,9026,United Kingdom
998,Malia,Banghe,mbangherp@cdc.gov,Female,196.149.166.139,6709,Peru
999,Radcliffe,Harome,rharomerq@ovh.net,Male,168.210.227.30,17482,Russia
1000,Vivianne,Rippon,vripponrr@feedburner.com,Bigender,76.250.204.69,12088,China
